customerid,customer_name,country,state,gender,dob,subscription_start_date,subscription_type,renewal_date,plan_type,contract_type,cancellation_date,cancellation_reason,monthly_charges,cltv,churn_score,churn_flag,escalations,csat_score,complaint_count,tenure_days
CUST-0001,Vikram,India,Karnataka,female,1975-11-11,2020-04-12,Paid,2021-04-12,Basic,Monthly,2025-02-04,Service outages,8.67,501,86,1,N,4,1,1759
CUST-0002,Anita,India,Telangana,male,1981-07-04,2020-02-11,Paid,2021-02-10,Basic,Monthly,,,7.84,625,19,0,N,4,0,2430
CUST-0003,Arjun,India,Rajasthan,male,2000-04-11,2022-08-04,Organic,2023-08-04,Premium,Annual,2023-05-05,Service outages,25.8,232,73,1,Y,1,3,274
CUST-0004,Amit,India,Nagaland,male,1986-12-27,2023-03-16,Organic,2024-03-15,Basic,Monthly,2023-08-25,Lack of features,9.41,50,91,1,Y,1,2,162
CUST-0005,Neha,India,Telangana,female,1998-02-18,2020-03-06,Paid,2021-03-06,Premium,Annual,,,27.28,2156,26,0,N,5,0,2406
CUST-0006,Manish,India,Nagaland,female,1976-07-28,2022-07-31,Refferal,2023-07-31,Standard,Monthly,,,15.64,785,24,0,N,3,1,1529
CUST-0007,Vikram,India,Karnataka,female,2001-09-05,2020-07-11,Paid,2021-07-11,Standard,Monthly,,,15.02,1124,39,0,N,4,1,2279
CUST-0008,Suresh,India,Telangana,male,1990-04-17,2023-08-14,Paid,2024-08-13,Basic,Monthly,2024-04-12,Lack of features,8.46,67,93,1,N,3,1,242
CUST-0009,Deepak,India,Uttar Pradesh,female,1990-01-14,2022-11-27,Organic,2023-11-27,Premium,Monthly,2025-01-25,Switched to competitor,22.1,573,91,1,N,4,1,790
CUST-0010,Amit,India,Karnataka,male,1999-07-03,2021-05-16,Paid,2022-05-16,Basic,Annual,,,8.32,538,38,0,N,3,0,1970
CUST-0011,Amit,India,Meghalaya,male,1982-09-11,2024-06-29,Organic,2025-06-29,Standard,Annual,,,13.56,369,19,0,N,4,1,830
CUST-0012,Swati,India,Maharashtra,male,1997-04-09,2023-12-22,Paid,2024-12-21,Standard,Monthly,2026-01-06,Lack of features,15.07,369,99,1,Y,1,3,746
CUST-0013,Manish,India,Telangana,female,2000-06-14,2021-10-25,Refferal,2022-10-25,Standard,Monthly,,,13.21,784,26,0,N,4,1,1808
CUST-0014,Priya,India,Uttar Pradesh,male,1990-07-11,2020-12-17,Refferal,2021-12-17,Premium,Monthly,,,21.85,1521,11,0,N,5,0,2120
CUST-0015,Neha,India,Rajasthan,male,1996-02-15,2020-11-21,Paid,2021-11-21,Standard,Annual,2023-12-12,Lack of features,17.47,640,91,1,N,5,1,1116
CUST-0016,Swati,India,Meghalaya,female,1992-12-24,2022-11-27,Paid,2023-11-27,Basic,Annual,,,8.62,399,39,0,Y,2,3,1410
CUST-0017,Rohan,India,Rajasthan,male,1984-06-21,2023-01-25,Organic,2024-01-25,Premium,Annual,2023-10-14,Too expensive,26.67,229,72,1,N,3,1,262
CUST-0018,Kavita,India,Karnataka,male,1991-10-01,2020-04-17,Refferal,2021-04-17,Standard,Monthly,,,17.29,1342,22,0,N,4,1,2364
CUST-0019,Manish,India,Maharashtra,male,1985-12-06,2021-09-22,Paid,2022-09-22,Basic,Monthly,,,9.9,598,17,0,N,3,1,1841
CUST-0020,Ananya,India,Telangana,male,1996-06-16,2020-05-30,Refferal,2021-05-30,Basic,Monthly,,,11.78,898,11,0,N,3,0,2321
CUST-0021,Swati,India,Telangana,female,1975-07-23,2023-01-02,Paid,2024-01-02,Premium,Monthly,,,20.2,911,39,0,N,3,0,1374
CUST-0022,Riya,India,Karnataka,male,1982-08-07,2022-12-16,Paid,2023-12-16,Basic,Monthly,2023-03-31,Poor customer support,10.68,36,98,1,N,4,1,105
CUST-0023,Sneha,India,Karnataka,male,2003-10-25,2022-05-27,Paid,2023-05-27,Standard,Monthly,2024-01-22,Service outages,18.74,372,84,1,N,5,0,605
CUST-0024,Ananya,India,Maharashtra,female,1980-06-15,2020-11-30,Paid,2021-11-30,Standard,Monthly,,,18.16,1274,27,0,N,3,0,2137
CUST-0025,Manish,India,Uttar Pradesh,female,1981-02-21,2023-06-29,Organic,2024-06-28,Basic,Annual,,,7.83,307,43,0,N,5,0,1196
CUST-0026,Aarav,India,Uttar Pradesh,female,1998-04-08,2022-03-14,Refferal,2023-03-14,Standard,Annual,2023-05-16,Too expensive,14.95,210,98,1,N,4,0,428
CUST-0027,Riya,India,Maharashtra,male,1979-08-15,2022-02-05,Organic,2023-02-05,Basic,Monthly,2024-09-15,Poor customer support,7.85,245,97,1,N,4,0,953
CUST-0028,Kavita,India,Uttar Pradesh,male,1986-04-02,2023-07-01,Refferal,2024-06-30,Standard,Monthly,2026-04-08,Lack of features,16.6,551,98,1,N,3,0,1012
CUST-0029,Riya,Nepal,Kathmandu,female,1980-02-04,2023-11-09,Organic,2024-11-08,Standard,Monthly,,,17.26,602,12,0,N,4,0,1063
CUST-0030,Rajesh,India,Nagaland,female,2002-10-19,2024-01-19,Refferal,2025-01-18,Standard,Annual,,,14.89,485,13,0,N,4,0,992
CUST-0031,Pooja,India,Maharashtra,female,1989-03-04,2020-09-15,Refferal,2021-09-15,Standard,Annual,,,16.23,1179,11,0,N,3,0,2213
CUST-0032,Meera,India,Maharashtra,female,1976-12-23,2022-02-20,Organic,2023-02-20,Premium,Annual,,,26.9,1493,31,0,N,5,0,1690
CUST-0033,Arjun,India,Delhi,female,1999-07-25,2024-01-28,Refferal,2025-01-27,Premium,Annual,,,24.2,781,11,0,N,5,0,983
CUST-0034,Arjun,India,Meghalaya,male,1998-11-16,2020-02-03,Paid,2021-02-02,Basic,Monthly,2023-10-08,Too expensive,11.26,496,94,1,N,4,0,1343
CUST-0035,Suresh,India,Meghalaya,male,1988-05-25,2024-02-27,Refferal,2025-02-26,Basic,Monthly,2026-08-22,Service outages,10.85,323,95,1,Y,1,2,907
CUST-0036,Riya,Nepal,Kathmandu,female,1975-12-10,2020-11-21,Organic,2021-11-21,Standard,Monthly,,,13.38,943,41,0,N,4,0,2146
CUST-0037,Deepak,India,Karnataka,male,1989-10-12,2022-04-16,Refferal,2023-04-16,Premium,Monthly,,,26.2,1407,43,0,N,4,0,1635
CUST-0038,Anita,India,Karnataka,male,1997-12-31,2023-06-15,Refferal,2024-06-14,Premium,Annual,,,22.34,888,36,0,N,4,0,1210
CUST-0039,Rohan,India,Rajasthan,female,1987-12-20,2021-11-21,Refferal,2022-11-21,Premium,Monthly,2022-04-24,Switched to competitor,25.57,129,71,1,N,4,0,154
CUST-0040,Karan,Nepal,Kathmandu,female,1984-04-29,2024-06-27,Organic,2025-06-27,Basic,Monthly,2025-07-21,Lack of features,11.77,150,92,1,Y,3,5,389
CUST-0041,Suresh,India,Maharashtra,male,2001-01-07,2024-04-13,Paid,2025-04-13,Standard,Monthly,,,18.26,544,36,0,N,4,0,907
CUST-0042,Vikram,Nepal,Kathmandu,male,2003-09-22,2022-01-08,Refferal,2023-01-08,Standard,Annual,,,15.42,877,14,0,N,3,0,1733
CUST-0043,Manish,Nepal,Kathmandu,male,2002-10-05,2024-01-29,Paid,2025-01-28,Basic,Monthly,,,8.45,272,37,0,N,4,0,982
CUST-0044,Rahul,Nepal,Kathmandu,female,1977-07-08,2022-01-13,Refferal,2023-01-13,Basic,Annual,,,8.16,463,27,0,N,4,0,1728
CUST-0045,Vikram,India,Meghalaya,female,1990-12-07,2023-08-20,Refferal,2024-08-19,Premium,Monthly,,,25.32,951,12,0,N,4,0,1144
CUST-0046,Sunita,Nepal,Kathmandu,male,1980-08-06,2022-04-26,Paid,2023-04-26,Basic,Monthly,2026-01-27,Lack of features,7.56,340,95,1,N,5,1,1372
CUST-0047,Priya,India,Nagaland,male,1976-02-23,2020-04-26,Paid,2021-04-26,Basic,Monthly,2023-07-17,Poor customer support,9.74,376,98,1,N,4,0,1177
CUST-0048,Divya,India,Karnataka,female,1979-10-16,2023-05-15,Refferal,2024-05-14,Basic,Annual,,,7.0,285,6,0,Y,1,2,1241
CUST-0049,Sunita,India,Rajasthan,male,1995-03-15,2024-02-13,Paid,2025-02-12,Premium,Monthly,,,23.23,737,44,0,Y,1,4,967
CUST-0050,Rahul,India,Nagaland,female,1978-01-04,2021-10-11,Paid,2022-10-11,Standard,Annual,,,14.31,856,23,0,N,3,0,1822
CUST-0051,Manish,India,Rajasthan,female,1984-04-15,2021-02-06,Organic,2022-02-06,Standard,Monthly,2021-08-21,Poor customer support,18.82,121,88,1,Y,2,3,196
CUST-0052,Ananya,India,Delhi,male,1982-08-04,2022-09-23,Paid,2023-09-23,Premium,Monthly,,,27.26,1320,10,0,Y,3,2,1475
CUST-0053,Anita,India,Rajasthan,female,1993-07-29,2024-05-29,Paid,2025-05-29,Basic,Annual,2026-04-15,Lack of features,8.74,196,71,1,Y,1,2,686
CUST-0054,Arjun,India,Karnataka,male,1979-03-26,2020-08-20,Organic,2021-08-20,Standard,Monthly,,,13.55,996,44,0,N,5,1,2239
CUST-0055,Vikram,India,Karnataka,male,1977-12-06,2022-07-17,Paid,2023-07-17,Basic,Monthly,2023-04-27,Service outages,9.57,89,81,1,N,4,1,284
CUST-0056,Riya,Nepal,Kathmandu,female,1992-11-09,2023-07-31,Paid,2024-07-30,Basic,Annual,,,8.06,308,32,0,N,5,1,1164
CUST-0057,Neha,India,Telangana,male,1980-01-25,2021-04-24,Refferal,2022-04-24,Premium,Monthly,,,25.35,1658,26,0,Y,1,2,1992
CUST-0058,Arjun,India,Delhi,female,1988-11-01,2022-09-02,Refferal,2023-09-02,Premium,Annual,,,28.34,1392,7,0,N,4,0,1496
CUST-0059,Rohan,India,Maharashtra,female,1983-01-18,2020-01-09,Organic,2021-01-08,Basic,Monthly,,,10.07,814,32,0,N,5,0,2463
CUST-0060,Divya,India,Uttar Pradesh,male,2002-08-22,2021-12-15,Organic,2022-12-15,Basic,Monthly,2024-10-12,Switched to competitor,10.16,344,70,1,Y,2,5,1032
CUST-0061,Rajesh,India,Rajasthan,male,1994-09-12,2021-01-13,Refferal,2022-01-13,Standard,Monthly,,,16.24,1116,18,0,N,4,0,2093
CUST-0062,Priya,India,Telangana,male,1991-01-08,2024-06-14,Paid,2025-06-14,Basic,Annual,,,11.63,322,35,0,N,4,0,845
CUST-0063,Sunita,Nepal,Kathmandu,male,1993-04-09,2021-01-15,Paid,2022-01-15,Basic,Monthly,,,11.65,800,20,0,N,3,0,2091
CUST-0064,Neha,India,Meghalaya,male,1976-11-09,2022-04-23,Paid,2023-04-23,Basic,Annual,2025-04-07,Switched to competitor,9.55,338,74,1,N,5,0,1080
CUST-0065,Priya,India,Maharashtra,male,1977-09-15,2020-12-25,Paid,2021-12-25,Basic,Annual,,,8.52,591,32,0,N,4,1,2112
CUST-0066,Ananya,India,Telangana,male,2001-10-30,2020-06-24,Refferal,2021-06-24,Premium,Monthly,2026-02-02,Switched to competitor,24.59,1655,89,1,Y,1,4,2049
CUST-0067,Sneha,India,Meghalaya,female,1979-02-11,2021-04-29,Refferal,2022-04-29,Basic,Monthly,,,7.92,516,42,0,N,4,0,1987
CUST-0068,Kavita,India,Delhi,female,1979-11-25,2023-11-29,Paid,2024-11-28,Basic,Monthly,,,10.17,348,19,0,N,3,1,1043
CUST-0069,Pooja,Nepal,Kathmandu,female,1989-06-17,2020-02-02,Organic,2021-02-01,Standard,Monthly,,,15.99,1281,1,0,N,4,0,2439
CUST-0070,Priya,India,Maharashtra,male,1988-10-06,2024-01-28,Paid,2025-01-27,Premium,Monthly,2025-07-12,Poor customer support,21.02,366,76,1,N,3,0,531
CUST-0071,Kavita,India,Maharashtra,male,1978-11-26,2021-11-26,Paid,2022-11-26,Basic,Annual,,,7.98,465,22,0,N,5,0,1776
CUST-0072,Sunita,India,Maharashtra,female,1993-03-21,2020-06-05,Refferal,2021-06-05,Basic,Annual,,,9.39,714,34,0,N,4,0,2315
CUST-0073,Riya,India,Delhi,male,1981-09-06,2021-07-18,Paid,2022-07-18,Basic,Annual,,,11.43,716,10,0,N,5,0,1907
CUST-0074,Ananya,India,Rajasthan,male,2003-01-08,2020-07-20,Paid,2021-07-20,Standard,Annual,,,16.39,1222,42,0,N,4,1,2270
CUST-0075,Pooja,India,Delhi,female,1993-10-09,2023-04-13,Paid,2024-04-12,Standard,Annual,,,17.08,714,26,0,N,3,0,1273
CUST-0076,Priya,India,Uttar Pradesh,female,1995-03-04,2023-06-21,Paid,2024-06-20,Premium,Monthly,,,23.38,924,32,0,N,3,0,1204
CUST-0077,Divya,India,Karnataka,female,2000-12-05,2023-07-16,Refferal,2024-07-15,Premium,Annual,,,25.7,995,42,0,N,4,0,1179
CUST-0078,Meera,Nepal,Kathmandu,male,1982-02-07,2022-07-11,Organic,2023-07-11,Premium,Annual,2023-08-13,Poor customer support,24.46,319,96,1,Y,3,3,398
CUST-0079,Arjun,India,Delhi,female,1987-11-03,2024-01-09,Paid,2025-01-08,Standard,Monthly,,,16.94,557,12,0,N,4,0,1002
CUST-0080,Neha,India,Meghalaya,female,1981-09-02,2020-03-14,Paid,2021-03-14,Standard,Annual,,,13.29,1046,40,0,N,5,0,2398
CUST-0081,Divya,India,Uttar Pradesh,female,1990-02-08,2020-04-05,Refferal,2021-04-05,Basic,Monthly,2021-11-16,Lack of features,9.46,183,92,1,Y,2,4,590
CUST-0082,Deepak,India,Karnataka,female,2003-06-20,2020-06-21,Organic,2021-06-21,Premium,Annual,2021-02-25,Service outages,22.95,187,83,1,N,5,0,249
CUST-0083,Neha,India,Rajasthan,female,2000-03-29,2023-11-30,Paid,2024-11-29,Basic,Annual,2025-12-13,Poor customer support,8.62,210,71,1,N,4,1,744
CUST-0084,Manish,India,Meghalaya,male,1992-04-11,2020-06-03,Paid,2021-06-03,Basic,Annual,,,11.79,897,17,0,N,4,0,2317
CUST-0085,Meera,Nepal,Kathmandu,male,1984-09-09,2023-04-21,Refferal,2024-04-20,Standard,Monthly,,,14.09,585,6,0,N,3,1,1265
CUST-0086,Sanjay,India,Meghalaya,female,1984-07-15,2023-09-08,Refferal,2024-09-07,Basic,Annual,,,8.55,315,27,0,N,4,1,1125
CUST-0087,Sunita,India,Karnataka,female,1995-03-08,2020-10-15,Paid,2021-10-15,Standard,Monthly,,,16.05,1151,8,0,N,4,0,2183
CUST-0088,Arjun,India,Meghalaya,female,1981-02-19,2020-09-14,Refferal,2021-09-14,Standard,Monthly,,,18.17,1321,33,0,N,5,0,2214
CUST-0089,Manish,India,Nagaland,male,1992-06-18,2024-05-29,Paid,2025-05-29,Standard,Annual,,,15.49,438,35,0,N,5,0,861
CUST-0090,Swati,India,Telangana,male,1982-07-28,2020-06-22,Refferal,2021-06-22,Premium,Monthly,2022-09-12,Lack of features,27.43,731,84,1,N,4,0,812
CUST-0091,Sanjay,India,Rajasthan,female,2000-08-22,2020-11-25,Refferal,2021-11-25,Basic,Annual,2024-03-17,Service outages,11.27,447,86,1,Y,1,4,1208
CUST-0092,Rahul,India,Karnataka,female,1988-06-12,2023-06-08,Organic,2024-06-07,Standard,Monthly,2025-06-23,Service outages,14.85,363,95,1,Y,1,4,746
CUST-0093,Arjun,India,Meghalaya,female,1976-02-08,2022-01-28,Paid,2023-01-28,Standard,Monthly,,,15.35,863,7,0,N,4,1,1713
CUST-0094,Sanjay,India,Telangana,female,1984-04-05,2022-10-16,Paid,2023-10-16,Standard,Annual,2024-12-19,Lack of features,15.13,395,83,1,Y,2,2,795
CUST-0095,Aarav,India,Telangana,female,1986-05-26,2020-06-09,Paid,2021-06-09,Premium,Monthly,,,28.32,2150,24,0,N,3,0,2311
CUST-0096,Vikram,India,Meghalaya,female,1995-11-22,2020-07-04,Organic,2021-07-04,Basic,Monthly,,,7.21,541,25,0,N,4,1,2286
CUST-0097,Rahul,Nepal,Kathmandu,female,1975-03-29,2020-05-22,Paid,2021-05-22,Standard,Annual,,,14.84,1135,35,0,N,4,0,2329
CUST-0098,Swati,India,Nagaland,female,2000-08-07,2023-07-29,Paid,2024-07-28,Basic,Monthly,2024-07-04,Too expensive,10.39,116,95,1,Y,2,2,341
CUST-0099,Aarav,India,Delhi,female,1990-12-04,2022-06-25,Paid,2023-06-25,Premium,Annual,2025-05-30,Too expensive,25.64,901,96,1,Y,1,2,1070
CUST-0100,Riya,India,Nagaland,male,1989-12-23,2021-10-01,Refferal,2022-10-01,Basic,Monthly,2025-06-26,Too expensive,9.17,410,87,1,Y,1,5,1364
CUST-0101,Neha,India,Meghalaya,male,1992-03-08,2020-01-27,Paid,2021-01-26,Standard,Monthly,,,16.23,1303,5,0,N,4,1,2445
CUST-0102,Swati,India,Rajasthan,female,1990-09-18,2023-06-23,Paid,2024-06-22,Basic,Monthly,,,7.98,315,38,0,N,5,1,1202
CUST-0103,Amit,India,Delhi,male,1986-09-13,2024-02-19,Paid,2025-02-18,Basic,Monthly,2025-08-29,Lack of features,9.14,167,97,1,Y,2,4,557
CUST-0104,Suresh,India,Karnataka,male,2001-03-18,2020-07-20,Organic,2021-07-20,Standard,Monthly,2020-12-15,Too expensive,16.0,77,72,1,N,4,0,148
CUST-0105,Rajesh,India,Nagaland,male,1992-11-10,2022-11-10,Refferal,2023-11-10,Premium,Monthly,2025-03-30,Service outages,29.0,829,99,1,N,3,0,871
CUST-0106,Neha,India,Meghalaya,male,1988-09-12,2024-06-02,Refferal,2025-06-02,Standard,Monthly,2024-12-27,Too expensive,14.56,99,87,1,N,5,0,208
CUST-0107,Rohan,India,Nagaland,male,1997-01-03,2021-10-31,Organic,2022-10-31,Premium,Monthly,,,28.67,1697,25,0,Y,3,5,1802
CUST-0108,Rohan,India,Delhi,male,1993-02-01,2023-01-22,Organic,2024-01-22,Standard,Monthly,,,16.86,749,24,0,N,4,0,1354
CUST-0109,Aarav,India,Uttar Pradesh,female,1980-08-26,2022-10-28,Paid,2023-10-28,Standard,Monthly,,,13.11,620,30,0,N,3,0,1440
CUST-0110,Karan,India,Nagaland,male,1989-07-21,2021-04-16,Organic,2022-04-16,Basic,Monthly,2022-07-13,Switched to competitor,10.61,157,89,1,N,4,0,453
CUST-0111,Pooja,India,Karnataka,male,2003-12-06,2023-09-24,Paid,2024-09-23,Premium,Annual,2025-07-14,Lack of features,20.35,440,91,1,Y,2,5,659
CUST-0112,Vikram,India,Karnataka,male,1975-11-14,2020-09-15,Paid,2021-09-15,Basic,Annual,2023-01-08,Switched to competitor,11.98,332,72,1,Y,1,5,845
CUST-0113,Rahul,India,Maharashtra,female,1979-02-11,2020-02-24,Organic,2021-02-23,Premium,Annual,,,28.72,2280,32,0,N,3,0,2417
CUST-0114,Vikram,India,Nagaland,male,1991-10-14,2022-06-29,Paid,2023-06-29,Premium,Monthly,2025-07-30,Lack of features,22.96,850,96,1,Y,1,3,1127
CUST-0115,Rahul,Nepal,Kathmandu,female,1995-04-25,2024-04-20,Paid,2025-04-20,Premium,Annual,,,22.56,667,8,0,N,5,0,900
CUST-0116,Neha,India,Telangana,female,1980-08-04,2022-10-26,Paid,2023-10-26,Standard,Annual,,,15.28,723,23,0,N,3,0,1442
CUST-0117,Riya,India,Telangana,female,1987-08-04,2023-11-01,Refferal,2024-10-31,Standard,Annual,2024-12-29,Switched to competitor,15.13,210,83,1,N,3,0,424
CUST-0118,Ananya,India,Telangana,male,2002-12-19,2021-07-07,Paid,2022-07-07,Premium,Monthly,2023-05-18,Too expensive,23.71,529,85,1,N,3,0,680
CUST-0119,Aarav,India,Uttar Pradesh,female,1975-04-29,2022-12-09,Refferal,2023-12-09,Basic,Annual,2024-11-13,Poor customer support,8.58,198,72,1,N,4,0,705
CUST-0120,Meera,India,Maharashtra,male,1976-12-10,2020-04-21,Organic,2021-04-21,Standard,Annual,,,16.72,1296,25,0,N,4,0,2360
CUST-0121,Deepak,India,Uttar Pradesh,female,1984-09-27,2020-05-25,Refferal,2021-05-25,Basic,Annual,,,7.81,596,15,0,N,4,0,2326
CUST-0122,Deepak,India,Nagaland,female,1983-11-25,2020-08-17,Paid,2021-08-17,Standard,Monthly,,,18.07,1330,8,0,N,5,0,2242
CUST-0123,Swati,India,Nagaland,male,1997-01-26,2021-05-11,Organic,2022-05-11,Basic,Monthly,2022-12-22,Lack of features,11.05,214,71,1,N,5,0,590
CUST-0124,Karan,India,Nagaland,male,1998-07-28,2023-08-22,Paid,2024-08-21,Basic,Monthly,,,9.37,351,25,0,N,5,0,1142
CUST-0125,Rohan,India,Rajasthan,male,1982-02-16,2024-04-14,Paid,2025-04-14,Basic,Monthly,,,11.25,334,44,0,N,3,1,906
CUST-0126,Riya,India,Telangana,female,1978-01-06,2021-04-05,Paid,2022-04-05,Standard,Annual,,,14.47,955,19,0,N,5,0,2011
CUST-0127,Neha,India,Rajasthan,male,1987-02-08,2022-03-17,Refferal,2023-03-17,Standard,Monthly,2025-11-08,Too expensive,13.1,573,80,1,Y,1,5,1332
CUST-0128,Kavita,India,Maharashtra,female,1996-07-06,2020-08-13,Paid,2021-08-13,Basic,Monthly,,,10.09,744,13,0,N,4,0,2246
CUST-0129,Rohan,India,Uttar Pradesh,male,1997-05-22,2020-02-28,Paid,2021-02-27,Standard,Monthly,2022-08-23,Too expensive,15.74,468,83,1,Y,1,4,907
CUST-0130,Aarav,India,Telangana,female,1991-08-27,2023-01-04,Paid,2024-01-04,Basic,Monthly,,,9.83,443,12,0,N,4,0,1372
CUST-0131,Rohan,India,Rajasthan,female,1993-03-25,2021-03-03,Paid,2022-03-03,Standard,Monthly,2025-07-05,Service outages,18.39,957,84,1,N,4,0,1585
CUST-0132,Karan,India,Rajasthan,female,1981-03-11,2021-12-28,Refferal,2022-12-28,Standard,Annual,,,18.81,1077,23,0,Y,3,3,1744
CUST-0133,Arjun,India,Meghalaya,female,1996-12-17,2023-03-01,Organic,2024-02-29,Standard,Monthly,,,16.8,726,40,0,Y,2,2,1316
CUST-0134,Divya,India,Rajasthan,male,1976-05-23,2022-07-20,Refferal,2023-07-20,Standard,Monthly,,,17.57,888,2,0,N,3,0,1540
CUST-0135,Rohan,Nepal,Kathmandu,male,1981-07-07,2021-05-12,Paid,2022-05-12,Basic,Monthly,2021-09-11,Switched to competitor,7.41,29,77,1,N,4,0,122
CUST-0136,Aarav,Nepal,Kathmandu,female,1999-04-24,2022-03-26,Paid,2023-03-26,Premium,Monthly,2024-07-23,Switched to competitor,21.6,603,92,1,N,5,0,850
CUST-0137,Karan,India,Uttar Pradesh,male,1988-01-05,2022-06-28,Organic,2023-06-28,Standard,Monthly,2023-06-20,Lack of features,17.39,203,97,1,N,4,0,357
CUST-0138,Deepak,Nepal,Kathmandu,male,2000-12-19,2024-06-04,Paid,2025-06-04,Standard,Annual,,,15.58,437,5,0,N,3,1,855
CUST-0139,Divya,India,Uttar Pradesh,male,1990-01-17,2023-08-21,Organic,2024-08-20,Standard,Annual,2025-03-16,Service outages,15.67,294,71,1,Y,1,5,573
CUST-0140,Vikram,India,Uttar Pradesh,male,1983-10-15,2020-03-07,Paid,2021-03-07,Basic,Annual,2022-07-06,Switched to competitor,8.53,238,79,1,N,4,0,851
CUST-0141,Rahul,India,Maharashtra,male,1995-04-04,2020-08-17,Organic,2021-08-17,Standard,Annual,,,16.63,1224,27,0,N,3,1,2242
CUST-0142,Arjun,India,Meghalaya,female,1993-06-18,2022-09-09,Paid,2023-09-09,Standard,Monthly,2025-02-25,Switched to competitor,14.1,416,92,1,N,3,0,900
CUST-0143,Arjun,India,Nagaland,male,1990-06-19,2020-11-28,Paid,2021-11-28,Basic,Annual,,,10.12,711,42,0,Y,2,3,2139
CUST-0144,Pooja,India,Karnataka,female,1989-02-27,2020-10-03,Refferal,2021-10-03,Basic,Annual,,,7.86,566,4,0,N,3,0,2195
CUST-0145,Sanjay,India,Uttar Pradesh,male,1996-08-08,2024-05-26,Refferal,2025-05-26,Basic,Annual,2024-08-20,Poor customer support,7.31,20,73,1,N,3,0,86
CUST-0146,Suresh,India,Delhi,female,1975-11-21,2021-12-21,Paid,2022-12-21,Premium,Monthly,,,23.29,1339,8,0,N,4,0,1751
CUST-0147,Vikram,India,Nagaland,male,2002-11-20,2020-05-23,Refferal,2021-05-23,Standard,Annual,,,14.38,1099,6,0,N,3,1,2328
CUST-0148,Rajesh,India,Telangana,female,1984-09-27,2023-06-28,Refferal,2024-06-27,Basic,Annual,2023-10-20,Switched to competitor,11.43,42,94,1,Y,2,5,114
CUST-0149,Anita,Nepal,Kathmandu,female,1984-10-27,2021-11-21,Paid,2022-11-21,Basic,Annual,2022-09-30,Poor customer support,7.26,74,96,1,N,3,1,313
CUST-0150,Priya,India,Karnataka,male,1975-06-01,2023-01-08,Paid,2024-01-08,Standard,Monthly,2023-06-20,Too expensive,14.05,75,84,1,Y,1,5,163
CUST-0151,Karan,India,Delhi,female,1977-08-12,2020-02-26,Paid,2021-02-25,Premium,Annual,,,25.48,2021,40,0,N,4,0,2415
CUST-0152,Deepak,India,Nagaland,female,1986-12-03,2023-10-21,Paid,2024-10-20,Basic,Annual,,,9.4,334,20,0,N,3,1,1082
CUST-0153,Vikram,India,Maharashtra,female,2003-12-03,2020-11-03,Refferal,2021-11-03,Basic,Annual,,,7.22,513,27,0,N,4,1,2164
CUST-0154,Sanjay,India,Telangana,female,1994-08-09,2020-06-22,Paid,2021-06-22,Premium,Monthly,2025-11-05,Service outages,20.06,1292,76,1,Y,1,5,1962
CUST-0155,Arjun,India,Karnataka,male,2000-09-09,2024-01-25,Paid,2025-01-24,Basic,Annual,2025-01-12,Too expensive,11.93,138,96,1,N,4,0,353
CUST-0156,Amit,India,Meghalaya,female,1976-11-18,2022-01-19,Paid,2023-01-19,Basic,Monthly,2023-03-20,Lack of features,10.28,143,92,1,N,5,0,425
CUST-0157,Priya,India,Maharashtra,male,1998-04-11,2022-09-30,Refferal,2023-09-30,Premium,Monthly,,,23.64,1140,20,0,N,4,1,1468
CUST-0158,Sanjay,India,Delhi,male,2001-07-17,2021-11-08,Paid,2022-11-08,Standard,Monthly,2026-02-14,Switched to competitor,15.81,809,86,1,Y,2,4,1559
CUST-0159,Vikram,India,Karnataka,female,1983-07-25,2024-06-07,Paid,2025-06-07,Basic,Annual,,,8.32,232,34,0,N,3,0,852
CUST-0160,Suresh,India,Maharashtra,male,1993-07-08,2024-02-25,Paid,2025-02-24,Basic,Monthly,2024-09-22,Lack of features,8.71,60,98,1,N,4,0,210
CUST-0161,Kavita,India,Telangana,female,1984-04-18,2021-07-13,Organic,2022-07-13,Basic,Monthly,,,10.24,643,44,0,N,4,0,1912
CUST-0162,Ananya,India,Meghalaya,female,1999-08-28,2023-10-29,Paid,2024-10-28,Basic,Annual,,,11.4,402,5,0,N,4,0,1074
CUST-0163,Pooja,India,Maharashtra,female,1977-04-25,2020-12-14,Refferal,2021-12-14,Premium,Annual,,,21.83,1522,27,0,N,3,0,2123
CUST-0164,Sanjay,India,Rajasthan,female,1978-03-10,2022-12-26,Paid,2023-12-26,Standard,Monthly,2026-06-25,Lack of features,18.03,756,81,1,Y,3,3,1277
CUST-0165,Manish,India,Meghalaya,male,1991-03-02,2020-11-25,Paid,2021-11-25,Standard,Annual,,,13.72,965,17,0,N,5,0,2142
CUST-0166,Sneha,India,Delhi,male,2002-04-08,2020-07-12,Refferal,2021-07-12,Premium,Annual,,,22.14,1656,37,0,N,4,1,2278
CUST-0167,Riya,India,Telangana,male,1989-09-04,2023-03-24,Paid,2024-03-23,Standard,Monthly,,,13.21,561,34,0,N,4,0,1293
CUST-0168,Riya,Nepal,Kathmandu,male,1975-12-21,2023-03-29,Organic,2024-03-28,Basic,Monthly,2026-06-18,Too expensive,7.69,297,99,1,N,3,0,1177
CUST-0169,Anita,Nepal,Kathmandu,male,1980-02-16,2020-09-22,Organic,2021-09-22,Standard,Monthly,,,18.49,1339,36,0,N,5,0,2206
CUST-0170,Amit,Nepal,Kathmandu,male,1980-07-17,2020-06-16,Refferal,2021-06-16,Premium,Monthly,,,24.58,1860,6,0,N,3,1,2304
CUST-0171,Deepak,India,Karnataka,female,1982-09-18,2020-05-24,Refferal,2021-05-24,Premium,Monthly,,,20.77,1587,32,0,N,5,0,2327
CUST-0172,Vikram,India,Delhi,female,1985-06-29,2020-07-04,Paid,2021-07-04,Basic,Annual,2023-05-12,Service outages,11.79,403,78,1,N,4,0,1042
CUST-0173,Aarav,India,Telangana,male,1997-08-10,2022-06-04,Paid,2023-06-04,Standard,Annual,,,18.26,951,22,0,N,4,1,1586
CUST-0174,Aarav,India,Meghalaya,female,1982-01-25,2022-05-14,Organic,2023-05-14,Standard,Monthly,,,17.52,924,10,0,N,5,0,1607
CUST-0175,Anita,India,Karnataka,male,2001-03-27,2022-02-12,Refferal,2023-02-12,Premium,Monthly,,,29.32,1635,29,0,N,5,0,1698
CUST-0176,Sanjay,India,Delhi,male,2000-07-10,2023-12-17,Refferal,2024-12-16,Basic,Monthly,,,8.09,272,11,0,N,4,1,1025
CUST-0177,Rahul,India,Rajasthan,female,1981-10-22,2022-10-03,Paid,2023-10-03,Standard,Monthly,2023-02-15,Service outages,18.01,79,97,1,Y,1,5,135
CUST-0178,Rohan,India,Telangana,female,1999-09-18,2022-02-24,Paid,2023-02-24,Premium,Monthly,2022-05-02,Service outages,26.89,59,71,1,N,5,0,67
CUST-0179,Vikram,Nepal,Kathmandu,female,1998-01-18,2021-04-01,Organic,2022-04-01,Standard,Annual,,,18.21,1205,21,0,N,5,0,2015
CUST-0180,Sneha,India,Maharashtra,male,1981-09-09,2020-12-10,Paid,2021-12-10,Standard,Annual,,,17.77,1241,31,0,N,5,1,2127
CUST-0181,Neha,India,Telangana,female,1999-06-03,2022-01-04,Paid,2023-01-04,Basic,Monthly,,,8.72,497,41,0,N,4,0,1737
CUST-0182,Rahul,India,Uttar Pradesh,female,1977-11-02,2021-07-07,Paid,2022-07-07,Basic,Annual,2025-03-06,Switched to competitor,10.86,477,89,1,Y,3,5,1338
CUST-0183,Karan,India,Delhi,female,2002-06-12,2022-10-17,Organic,2023-10-17,Basic,Monthly,2023-11-15,Lack of features,8.3,107,98,1,Y,1,2,394
CUST-0184,Aarav,India,Nagaland,female,1998-10-11,2024-03-19,Paid,2025-03-19,Premium,Annual,,,23.28,712,17,0,N,3,1,932
CUST-0185,Suresh,India,Rajasthan,female,1995-05-11,2022-02-26,Organic,2023-02-26,Basic,Monthly,2022-11-26,Too expensive,7.53,67,96,1,Y,1,3,273
CUST-0186,Pooja,India,Telangana,female,1979-03-29,2022-07-24,Paid,2023-07-24,Standard,Monthly,,,18.6,938,30,0,N,4,0,1536
CUST-0187,Riya,India,Nagaland,female,2000-07-23,2021-12-05,Organic,2022-12-05,Standard,Annual,2023-12-07,Poor customer support,14.74,354,78,1,N,4,0,732
CUST-0188,Swati,India,Uttar Pradesh,female,1988-11-13,2023-02-01,Refferal,2024-02-01,Basic,Monthly,,,9.59,423,8,0,N,5,0,1344
CUST-0189,Arjun,India,Meghalaya,female,1992-10-14,2020-09-03,Paid,2021-09-03,Standard,Annual,,,15.34,1121,37,0,N,4,1,2225
CUST-0190,Kavita,India,Maharashtra,male,1991-12-06,2022-03-22,Refferal,2023-03-22,Standard,Monthly,,,18.75,1022,5,0,N,4,1,1660
CUST-0191,Swati,India,Nagaland,female,1985-11-01,2022-11-12,Paid,2023-11-12,Premium,Monthly,2025-05-08,Poor customer support,23.34,696,95,1,Y,2,3,908
CUST-0192,Rahul,India,Delhi,male,1984-04-30,2022-08-10,Paid,2023-08-10,Standard,Monthly,,,17.66,881,6,0,N,4,0,1519
CUST-0193,Anita,Nepal,Kathmandu,male,1976-10-01,2022-03-25,Organic,2023-03-25,Standard,Monthly,2024-05-11,Service outages,18.12,463,85,1,Y,1,5,778
CUST-0194,Rajesh,India,Uttar Pradesh,female,1975-06-22,2024-03-28,Paid,2025-03-28,Basic,Annual,2026-09-10,Switched to competitor,9.17,269,70,1,Y,1,5,896
CUST-0195,Rajesh,India,Maharashtra,female,1990-07-07,2020-05-23,Paid,2021-05-23,Premium,Monthly,2021-11-26,Switched to competitor,23.77,431,78,1,N,4,0,552
CUST-0196,Anita,India,Rajasthan,female,1986-12-03,2021-12-30,Paid,2022-12-30,Basic,Annual,,,10.73,614,21,0,N,4,0,1742
CUST-0197,Riya,Nepal,Kathmandu,male,1985-11-03,2022-05-12,Paid,2023-05-12,Premium,Annual,,,29.12,1539,7,0,Y,1,3,1609
CUST-0198,Vikram,India,Telangana,female,1998-11-04,2023-05-01,Organic,2024-04-30,Basic,Annual,2023-06-04,Switched to competitor,10.76,12,80,1,N,5,1,34
CUST-0199,Ananya,India,Nagaland,male,1998-11-10,2021-04-09,Paid,2022-04-09,Premium,Monthly,,,22.26,1467,15,0,Y,2,5,2007
CUST-0200,Rohan,India,Maharashtra,female,2002-09-05,2021-01-09,Organic,2022-01-09,Standard,Annual,,,18.32,1262,24,0,N,5,0,2097
CUST-0201,Rajesh,India,Karnataka,female,1982-11-26,2021-11-07,Organic,2022-11-07,Premium,Monthly,2024-07-13,Lack of features,23.87,767,74,1,Y,1,3,979
CUST-0202,Karan,India,Meghalaya,female,1980-12-04,2021-11-22,Paid,2022-11-22,Basic,Monthly,,,9.87,577,38,0,N,5,1,1780
CUST-0203,Rajesh,India,Meghalaya,female,2002-09-17,2021-09-20,Paid,2022-09-20,Standard,Monthly,2025-06-11,Switched to competitor,17.98,803,92,1,Y,2,2,1360
CUST-0204,Swati,India,Uttar Pradesh,female,1985-10-20,2023-07-13,Organic,2024-07-12,Standard,Monthly,,,14.12,548,29,0,N,5,0,1182
CUST-0205,Rajesh,India,Rajasthan,female,1989-05-02,2023-11-02,Paid,2024-11-01,Premium,Monthly,,,27.84,978,11,0,N,5,0,1070
CUST-0206,Rajesh,India,Uttar Pradesh,male,2003-06-24,2024-04-22,Paid,2025-04-22,Basic,Annual,,,9.97,294,4,0,N,4,0,898
CUST-0207,Ananya,India,Karnataka,male,1996-03-17,2021-07-09,Paid,2022-07-09,Premium,Monthly,,,28.92,1820,10,0,N,4,0,1916
CUST-0208,Ananya,India,Delhi,female,1982-02-03,2022-05-12,Refferal,2023-05-12,Premium,Monthly,,,21.71,1147,34,0,N,4,0,1609
CUST-0209,Kavita,India,Rajasthan,female,1996-03-25,2020-03-14,Refferal,2021-03-14,Basic,Annual,,,9.09,716,4,0,N,4,0,2398
CUST-0210,Deepak,India,Delhi,male,1988-07-05,2021-03-13,Paid,2022-03-13,Premium,Monthly,2023-08-20,Lack of features,28.32,828,89,1,N,5,1,890
CUST-0211,Karan,India,Rajasthan,female,1986-02-28,2022-05-30,Paid,2023-05-30,Standard,Monthly,,,13.11,685,10,0,N,5,1,1591
CUST-0212,Aarav,India,Rajasthan,male,1989-03-13,2020-08-13,Organic,2021-08-13,Standard,Monthly,2026-01-02,Too expensive,13.66,883,70,1,N,5,0,1968
CUST-0213,Aarav,India,Karnataka,male,1977-12-29,2020-11-03,Refferal,2021-11-03,Basic,Annual,2025-07-20,Lack of features,11.94,674,83,1,Y,1,2,1720
CUST-0214,Suresh,India,Telangana,female,1985-08-16,2022-08-23,Refferal,2023-08-23,Standard,Monthly,2025-05-27,Too expensive,14.67,485,87,1,N,4,1,1008
CUST-0215,Ananya,India,Karnataka,female,1992-12-16,2020-12-13,Refferal,2021-12-13,Standard,Monthly,,,18.84,1314,12,0,N,4,0,2124
CUST-0216,Manish,India,Rajasthan,female,1982-08-17,2021-04-20,Paid,2022-04-20,Standard,Monthly,2025-02-06,Service outages,14.09,642,88,1,Y,2,5,1388
CUST-0217,Riya,India,Maharashtra,male,1991-08-10,2023-08-31,Refferal,2024-08-30,Standard,Annual,2024-02-03,Service outages,15.16,77,92,1,N,5,0,156
CUST-0218,Sneha,India,Delhi,male,1992-11-26,2021-06-08,Paid,2022-06-08,Standard,Annual,,,17.51,1119,44,0,N,4,1,1947
CUST-0219,Deepak,India,Karnataka,female,1979-04-24,2023-12-19,Paid,2024-12-18,Standard,Annual,,,16.94,569,25,0,N,4,0,1023
CUST-0220,Priya,India,Telangana,female,1990-07-17,2021-06-07,Refferal,2022-06-07,Basic,Monthly,2026-09-23,Too expensive,9.9,628,97,1,N,3,0,1934
CUST-0221,Deepak,India,Nagaland,male,2003-12-05,2021-07-15,Paid,2022-07-15,Premium,Monthly,,,25.29,1586,37,0,N,4,0,1910
CUST-0222,Amit,India,Uttar Pradesh,female,1997-01-25,2023-06-26,Organic,2024-06-25,Standard,Monthly,,,18.05,710,4,0,N,4,0,1199
CUST-0223,Swati,India,Rajasthan,male,1985-12-04,2021-07-22,Paid,2022-07-22,Basic,Monthly,,,8.16,510,13,0,N,3,1,1903
CUST-0224,Rajesh,India,Nagaland,female,1989-04-07,2023-04-20,Organic,2024-04-19,Basic,Monthly,2023-08-26,Too expensive,9.2,38,87,1,Y,2,5,128
CUST-0225,Sneha,India,Meghalaya,female,1988-04-07,2020-04-15,Organic,2021-04-15,Standard,Monthly,2023-06-05,Lack of features,13.92,524,99,1,N,5,0,1146
CUST-0226,Swati,Nepal,Kathmandu,male,2000-06-03,2020-07-09,Paid,2021-07-09,Premium,Monthly,,,25.95,1944,29,0,Y,3,2,2281
CUST-0227,Karan,India,Telangana,male,1978-04-04,2023-03-06,Refferal,2024-03-05,Basic,Annual,,,8.24,354,44,0,N,5,1,1311
CUST-0228,Anita,Nepal,Kathmandu,female,1982-05-13,2021-11-30,Paid,2022-11-30,Standard,Monthly,2025-11-29,Service outages,14.99,718,99,1,N,4,0,1460
CUST-0229,Ananya,India,Telangana,female,1986-03-19,2023-02-17,Organic,2024-02-17,Basic,Annual,2023-09-27,Service outages,9.35,68,85,1,N,3,0,222
CUST-0230,Sneha,India,Maharashtra,female,1980-02-19,2022-04-10,Paid,2023-04-10,Standard,Monthly,,,13.15,708,38,0,N,4,0,1641
CUST-0231,Kavita,India,Uttar Pradesh,female,1996-04-08,2020-03-12,Refferal,2021-03-12,Premium,Monthly,2024-08-08,Lack of features,20.91,1105,97,1,N,5,0,1610
CUST-0232,Amit,India,Nagaland,female,1984-04-29,2022-01-24,Paid,2023-01-24,Premium,Monthly,,,26.85,1514,7,0,N,5,0,1717
CUST-0233,Meera,India,Delhi,female,2002-04-28,2023-02-28,Paid,2024-02-28,Basic,Monthly,,,9.13,395,24,0,Y,3,3,1317
CUST-0234,Meera,India,Telangana,female,1985-10-07,2021-04-01,Paid,2022-04-01,Standard,Monthly,,,18.18,1203,41,0,N,4,1,2015
CUST-0235,Aarav,India,Delhi,male,2001-10-30,2022-06-23,Paid,2023-06-23,Basic,Monthly,,,10.46,538,10,0,N,5,0,1567
CUST-0236,Rahul,India,Uttar Pradesh,male,1997-07-24,2021-04-23,Refferal,2022-04-23,Standard,Annual,2021-08-02,Switched to competitor,13.04,43,74,1,N,5,0,101
CUST-0237,Sneha,India,Rajasthan,male,1989-10-22,2020-02-21,Refferal,2021-02-20,Premium,Annual,,,26.16,2079,27,0,N,4,0,2420
CUST-0238,Meera,India,Meghalaya,female,1985-07-28,2022-09-30,Refferal,2023-09-30,Premium,Monthly,2024-04-03,Service outages,20.93,378,90,1,N,5,1,551
CUST-0239,Rohan,India,Nagaland,male,1995-04-12,2021-07-27,Paid,2022-07-27,Basic,Annual,,,10.89,679,36,0,N,4,0,1898
CUST-0240,Anita,India,Uttar Pradesh,female,2003-05-26,2023-02-16,Paid,2024-02-16,Premium,Annual,,,29.91,1305,43,0,N,4,0,1329
CUST-0241,Priya,India,Uttar Pradesh,female,1982-10-04,2023-07-11,Paid,2024-07-10,Standard,Annual,2024-10-25,Too expensive,16.18,250,88,1,N,5,0,472
CUST-0242,Suresh,India,Maharashtra,female,1989-06-21,2023-06-16,Organic,2024-06-15,Basic,Annual,2024-12-05,Lack of features,10.4,183,98,1,N,4,1,538
CUST-0243,Rohan,Nepal,Kathmandu,male,2001-04-03,2023-10-06,Organic,2024-10-05,Standard,Monthly,2025-03-11,Service outages,14.41,247,76,1,N,3,1,522
CUST-0244,Suresh,India,Meghalaya,male,1995-12-07,2022-06-11,Paid,2023-06-11,Standard,Monthly,2024-10-29,Poor customer support,15.62,446,82,1,N,5,1,871
CUST-0245,Anita,India,Nagaland,male,1999-09-15,2020-09-11,Paid,2021-09-11,Standard,Monthly,,,18.13,1320,23,0,N,3,0,2217
CUST-0246,Vikram,India,Rajasthan,male,1988-01-30,2021-11-15,Paid,2022-11-15,Standard,Monthly,,,13.99,821,25,0,N,3,0,1787
CUST-0247,Anita,India,Rajasthan,male,1982-06-28,2023-08-25,Refferal,2024-08-24,Standard,Monthly,,,14.58,545,41,0,N,5,0,1139
CUST-0248,Rahul,India,Karnataka,female,1997-08-26,2024-06-18,Refferal,2025-06-18,Basic,Monthly,2026-04-08,Too expensive,9.22,199,82,1,N,5,0,659
CUST-0249,Aarav,India,Uttar Pradesh,female,1997-08-31,2024-02-27,Refferal,2025-02-26,Premium,Annual,,,27.11,848,13,0,N,5,0,953
CUST-0250,Neha,India,Telangana,female,1992-06-08,2020-02-26,Paid,2021-02-25,Standard,Annual,,,15.25,1209,37,0,N,4,0,2415
CUST-0251,Vikram,India,Maharashtra,female,2003-01-29,2022-08-07,Refferal,2023-08-07,Basic,Annual,,,11.63,581,30,0,N,5,0,1522
CUST-0252,Sunita,India,Meghalaya,male,1977-04-01,2023-11-27,Refferal,2024-11-26,Premium,Annual,,,20.93,718,26,0,N,4,0,1045
CUST-0253,Neha,India,Rajasthan,female,1995-08-09,2022-12-26,Paid,2023-12-26,Premium,Annual,,,23.7,1075,12,0,N,4,1,1381
CUST-0254,Aarav,India,Nagaland,female,1975-06-12,2022-12-05,Refferal,2023-12-05,Premium,Monthly,,,27.08,1247,1,0,N,5,0,1402
CUST-0255,Amit,India,Karnataka,male,1996-04-17,2021-08-28,Paid,2022-08-28,Basic,Monthly,,,8.12,497,18,0,N,4,0,1866
CUST-0256,Sunita,India,Nagaland,female,2003-12-29,2021-01-03,Paid,2022-01-03,Basic,Monthly,2023-05-06,Too expensive,10.27,287,95,1,Y,3,5,853
CUST-0257,Deepak,India,Maharashtra,male,1980-04-16,2024-06-16,Organic,2025-06-16,Standard,Annual,,,13.98,387,21,0,N,5,0,843
CUST-0258,Pooja,India,Telangana,female,1984-09-05,2020-08-19,Paid,2021-08-19,Basic,Monthly,,,7.27,534,24,0,N,3,0,2240
CUST-0259,Rohan,India,Karnataka,female,1991-04-23,2023-11-26,Organic,2024-11-25,Premium,Annual,,,21.2,728,17,0,N,4,1,1046
CUST-0260,Vikram,India,Karnataka,male,1984-06-08,2022-06-26,Refferal,2023-06-26,Basic,Monthly,2026-01-27,Too expensive,11.64,501,79,1,N,4,0,1311
CUST-0261,Meera,Nepal,Kathmandu,female,1982-08-22,2024-05-03,Paid,2025-05-03,Basic,Monthly,,,9.75,284,9,0,N,3,1,887
CUST-0262,Meera,India,Meghalaya,female,1982-05-31,2022-11-12,Refferal,2023-11-12,Standard,Annual,2026-04-03,Poor customer support,17.77,722,89,1,N,5,0,1238
CUST-0263,Anita,India,Karnataka,female,1996-10-16,2021-07-27,Refferal,2022-07-27,Basic,Monthly,2025-01-03,Lack of features,8.65,356,77,1,N,3,0,1256
CUST-0264,Rajesh,Nepal,Kathmandu,male,1985-10-08,2023-07-14,Paid,2024-07-13,Premium,Monthly,2023-11-21,Switched to competitor,25.92,110,97,1,Y,2,2,130
CUST-0265,Ananya,Nepal,Kathmandu,female,1984-04-08,2022-04-20,Paid,2023-04-20,Standard,Monthly,2026-09-20,Service outages,15.96,846,84,1,N,5,0,1614
CUST-0266,Aarav,India,Maharashtra,male,1993-03-03,2020-04-27,Paid,2021-04-27,Basic,Monthly,2024-05-20,Service outages,11.72,571,82,1,N,4,1,1484
CUST-0267,Meera,India,Delhi,male,1977-07-11,2024-06-11,Paid,2025-06-11,Basic,Annual,2024-09-25,Poor customer support,10.73,37,97,1,Y,1,2,106
CUST-0268,Riya,India,Nagaland,male,1997-02-23,2024-06-12,Paid,2025-06-12,Standard,Monthly,,,17.37,483,17,0,N,5,0,847
CUST-0269,Karan,India,Telangana,female,2003-05-21,2022-12-14,Paid,2023-12-14,Basic,Monthly,2024-02-23,Lack of features,7.22,103,99,1,Y,1,3,436
CUST-0270,Karan,India,Nagaland,female,2001-10-05,2023-03-22,Paid,2024-03-21,Standard,Monthly,,,16.29,693,9,0,N,5,0,1295
CUST-0271,Deepak,India,Karnataka,female,1976-07-18,2023-06-16,Organic,2024-06-15,Standard,Annual,2026-05-13,Poor customer support,15.79,550,93,1,Y,3,2,1062
CUST-0272,Rahul,India,Telangana,female,1983-12-03,2023-07-12,Paid,2024-07-11,Standard,Monthly,2023-12-19,Lack of features,18.56,97,90,1,Y,1,2,160
CUST-0273,Rahul,India,Rajasthan,male,1981-11-05,2020-09-24,Refferal,2021-09-24,Premium,Annual,,,22.56,1633,30,0,N,4,0,2204
CUST-0274,Rohan,India,Delhi,male,1987-07-03,2020-04-22,Refferal,2021-04-22,Premium,Annual,,,22.69,1758,11,0,N,4,0,2359
CUST-0275,Suresh,India,Rajasthan,male,2000-02-18,2020-06-14,Refferal,2021-06-14,Premium,Monthly,2022-12-19,Switched to competitor,24.1,726,99,1,Y,2,4,918
CUST-0276,Meera,India,Rajasthan,male,1993-11-03,2021-10-29,Paid,2022-10-29,Basic,Annual,2023-02-02,Service outages,8.21,124,73,1,N,5,1,461
CUST-0277,Meera,India,Meghalaya,male,1984-12-15,2022-10-28,Organic,2023-10-28,Basic,Annual,2026-07-20,Poor customer support,7.64,341,93,1,N,3,1,1361
CUST-0278,Rohan,India,Nagaland,male,1991-07-06,2021-12-14,Refferal,2022-12-14,Basic,Monthly,,,11.28,651,25,0,N,5,1,1758
CUST-0279,Anita,India,Maharashtra,male,1975-08-12,2023-05-25,Organic,2024-05-24,Premium,Monthly,,,25.57,1034,7,0,N,4,1,1231
CUST-0280,Swati,India,Rajasthan,male,1992-03-29,2021-03-06,Paid,2022-03-06,Premium,Annual,,,28.6,1917,20,0,N,3,0,2041
CUST-0281,Kavita,India,Karnataka,male,1975-12-17,2023-08-08,Paid,2024-08-07,Premium,Annual,,,28.3,1074,35,0,N,4,0,1156
CUST-0282,Swati,India,Delhi,male,1995-01-10,2022-06-11,Refferal,2023-06-11,Basic,Monthly,2024-06-25,Service outages,8.4,205,79,1,N,5,0,745
CUST-0283,Aarav,India,Uttar Pradesh,female,1980-04-12,2022-12-09,Paid,2023-12-09,Premium,Monthly,,,25.47,1169,35,0,N,3,0,1398
CUST-0284,Swati,India,Rajasthan,female,1996-03-14,2020-04-16,Paid,2021-04-16,Standard,Annual,2023-01-29,Lack of features,13.49,451,70,1,Y,1,3,1018
CUST-0285,Anita,India,Delhi,female,1998-05-20,2022-10-29,Paid,2023-10-29,Basic,Annual,2025-11-30,Switched to competitor,11.57,428,83,1,Y,1,2,1128
CUST-0286,Amit,India,Telangana,male,1987-12-16,2022-01-14,Refferal,2023-01-14,Standard,Annual,,,15.42,874,5,0,N,4,1,1727
CUST-0287,Rajesh,India,Nagaland,male,1977-10-14,2021-11-30,Organic,2022-11-30,Basic,Monthly,2023-03-10,Poor customer support,8.96,136,77,1,Y,2,5,465
CUST-0288,Neha,Nepal,Kathmandu,female,1981-02-04,2024-01-19,Paid,2025-01-18,Standard,Annual,2026-05-31,Lack of features,14.81,419,81,1,N,5,1,863
CUST-0289,Priya,India,Meghalaya,male,1994-09-24,2020-11-18,Organic,2021-11-18,Basic,Monthly,,,9.29,655,38,0,N,5,0,2149
CUST-0290,Sneha,India,Delhi,male,1994-08-19,2020-11-04,Refferal,2021-11-04,Standard,Monthly,2025-08-17,Lack of features,14.5,832,93,1,N,5,0,1747
CUST-0291,Neha,India,Karnataka,male,1991-12-30,2022-04-29,Paid,2023-04-29,Standard,Annual,,,15.24,812,34,0,N,3,0,1622
CUST-0292,Anita,India,Karnataka,male,1981-08-16,2021-09-13,Organic,2022-09-13,Premium,Annual,2022-06-15,Lack of features,27.99,252,93,1,N,5,0,275
CUST-0293,Rohan,India,Delhi,male,1992-02-01,2022-09-21,Organic,2023-09-21,Standard,Monthly,2023-11-08,Switched to competitor,18.0,244,73,1,Y,2,4,413
CUST-0294,Meera,India,Karnataka,male,1980-03-08,2020-05-24,Refferal,2021-05-24,Standard,Monthly,,,14.82,1132,27,0,N,4,1,2327
CUST-0295,Rohan,India,Nagaland,female,1989-07-28,2022-01-09,Paid,2023-01-09,Premium,Annual,,,24.68,1404,5,0,N,5,1,1732
CUST-0296,Sunita,India,Karnataka,male,2003-02-03,2022-03-31,Refferal,2023-03-31,Premium,Monthly,2024-10-16,Poor customer support,28.73,877,80,1,Y,3,4,930
CUST-0297,Divya,Nepal,Kathmandu,male,1996-02-18,2021-02-15,Paid,2022-02-15,Basic,Annual,2022-07-15,Lack of features,7.25,122,82,1,N,4,0,515
CUST-0298,Sunita,India,Karnataka,female,1993-10-31,2020-04-23,Paid,2021-04-23,Standard,Annual,,,18.32,1419,40,0,N,5,1,2358
CUST-0299,Ananya,Nepal,Kathmandu,male,1978-01-30,2021-07-28,Paid,2022-07-28,Basic,Monthly,,,8.09,504,21,0,N,5,0,1897
CUST-0300,Kavita,India,Rajasthan,male,1983-07-15,2021-02-02,Organic,2022-02-02,Basic,Annual,2023-07-28,Poor customer support,10.38,308,74,1,Y,1,3,906
CUST-0301,Rohan,India,Maharashtra,female,1986-05-24,2023-07-22,Organic,2024-07-21,Standard,Annual,,,16.49,635,32,0,N,4,0,1173
CUST-0302,Meera,India,Nagaland,male,1986-01-25,2020-05-03,Paid,2021-05-03,Premium,Annual,2023-09-01,Poor customer support,25.52,1019,75,1,N,4,0,1216
CUST-0303,Rahul,India,Maharashtra,male,1987-02-20,2020-03-26,Paid,2021-03-26,Basic,Annual,2021-07-07,Switched to competitor,11.29,173,84,1,N,5,0,468
CUST-0304,Priya,India,Rajasthan,male,2003-05-16,2024-05-24,Organic,2025-05-24,Premium,Annual,,,21.01,597,30,0,N,5,1,866
CUST-0305,Aarav,India,Nagaland,male,1998-08-26,2020-02-16,Paid,2021-02-15,Premium,Monthly,2020-11-22,Lack of features,23.46,215,80,1,N,5,0,280
CUST-0306,Priya,India,Delhi,female,1982-04-12,2022-08-01,Refferal,2023-08-01,Premium,Monthly,,,25.37,1273,7,0,N,5,0,1528
CUST-0307,Aarav,India,Delhi,female,1984-07-15,2023-05-09,Paid,2024-05-08,Basic,Annual,,,11.05,452,38,0,N,3,0,1247
CUST-0308,Divya,Nepal,Kathmandu,male,1983-01-23,2023-07-23,Paid,2024-07-22,Premium,Monthly,,,22.15,852,31,0,N,5,0,1172
CUST-0309,Manish,India,Rajasthan,female,1994-09-28,2024-04-21,Organic,2025-04-21,Basic,Monthly,2026-09-17,Poor customer support,11.0,317,81,1,N,4,0,879
CUST-0310,Meera,Nepal,Kathmandu,male,1995-12-15,2023-02-27,Paid,2024-02-27,Standard,Annual,,,15.39,666,26,0,N,4,0,1318
CUST-0311,Anita,India,Meghalaya,male,1999-01-22,2024-01-11,Paid,2025-01-10,Basic,Annual,,,7.93,260,36,0,N,5,0,1000
CUST-0312,Swati,India,Karnataka,female,1980-06-09,2022-03-14,Paid,2023-03-14,Basic,Monthly,2026-09-19,Switched to competitor,10.78,584,83,1,N,5,0,1650
CUST-0313,Neha,India,Uttar Pradesh,male,1977-12-10,2021-01-23,Organic,2022-01-23,Standard,Annual,,,13.54,926,43,0,N,5,0,2083
CUST-0314,Vikram,India,Meghalaya,male,1986-10-15,2021-07-29,Organic,2022-07-29,Standard,Annual,,,16.08,1001,26,0,N,4,0,1896
CUST-0315,Rohan,India,Karnataka,male,1983-03-27,2023-07-10,Paid,2024-07-09,Basic,Monthly,2024-11-01,Too expensive,7.31,115,81,1,Y,1,4,480
CUST-0316,Rajesh,India,Nagaland,male,1977-08-27,2021-09-23,Paid,2022-09-23,Basic,Annual,,,8.77,530,2,0,N,3,0,1840
CUST-0317,Aarav,Nepal,Kathmandu,male,1999-01-07,2023-07-25,Refferal,2024-07-24,Standard,Monthly,,,16.6,638,43,0,N,4,1,1170
CUST-0318,Meera,India,Nagaland,female,1982-09-25,2021-12-14,Paid,2022-12-14,Basic,Monthly,2022-07-31,Switched to competitor,9.77,73,82,1,N,4,0,229
CUST-0319,Riya,India,Nagaland,male,1978-04-26,2022-12-05,Refferal,2023-12-05,Premium,Monthly,2023-04-10,Too expensive,24.04,99,80,1,N,4,0,126
CUST-0320,Suresh,India,Karnataka,male,1975-08-18,2023-04-06,Paid,2024-04-05,Basic,Monthly,2023-06-14,Switched to competitor,9.14,20,78,1,Y,1,2,69
CUST-0321,Kavita,India,Rajasthan,male,1986-09-24,2024-01-08,Paid,2025-01-07,Basic,Monthly,,,8.12,267,5,0,N,3,0,1003
CUST-0322,Deepak,India,Karnataka,female,1983-09-21,2021-09-13,Refferal,2022-09-13,Basic,Annual,,,9.27,563,27,0,N,3,0,1850
CUST-0323,Kavita,India,Telangana,female,1976-05-16,2020-02-15,Paid,2021-02-14,Standard,Annual,2020-08-09,Service outages,18.71,108,81,1,Y,2,5,176
CUST-0324,Divya,India,Delhi,female,2003-04-08,2021-12-24,Organic,2022-12-24,Basic,Monthly,2024-02-16,Service outages,11.24,289,72,1,N,4,1,784
CUST-0325,Sneha,India,Delhi,female,1975-02-18,2021-06-23,Paid,2022-06-23,Basic,Annual,,,7.72,489,29,0,N,5,0,1932
CUST-0326,Sneha,India,Meghalaya,female,1984-10-06,2020-03-27,Paid,2021-03-27,Premium,Monthly,2023-06-13,Lack of features,20.29,781,85,1,N,3,0,1173
CUST-0327,Sanjay,India,Delhi,male,1983-05-14,2022-03-13,Organic,2023-03-13,Standard,Monthly,2023-02-16,Switched to competitor,18.59,207,88,1,Y,2,2,340
CUST-0328,Suresh,India,Karnataka,female,1999-04-25,2023-11-09,Paid,2024-11-08,Basic,Annual,2026-06-03,Too expensive,9.62,296,86,1,Y,2,3,937
CUST-0329,Kavita,Nepal,Kathmandu,female,1976-01-22,2020-09-21,Refferal,2021-09-21,Standard,Monthly,2023-07-01,Switched to competitor,16.22,539,97,1,N,4,0,1013
CUST-0330,Neha,India,Karnataka,female,1977-08-27,2022-11-11,Paid,2023-11-11,Premium,Monthly,2024-06-28,Poor customer support,27.8,543,80,1,N,3,1,595
CUST-0331,Ananya,India,Karnataka,female,2000-03-07,2021-12-03,Refferal,2022-12-03,Basic,Annual,2024-06-20,Service outages,8.56,261,90,1,Y,2,4,930
CUST-0332,Manish,India,Uttar Pradesh,male,1990-12-08,2024-01-13,Refferal,2025-01-12,Basic,Monthly,2025-11-06,Switched to competitor,9.4,204,88,1,N,3,1,663
CUST-0333,Aarav,Nepal,Kathmandu,male,1983-05-11,2020-08-19,Paid,2021-08-19,Premium,Annual,,,29.68,2184,27,0,N,4,1,2240
CUST-0334,Arjun,India,Telangana,male,1995-04-03,2020-07-04,Organic,2021-07-04,Standard,Monthly,2025-05-12,Too expensive,17.02,991,87,1,N,5,0,1773
CUST-0335,Aarav,India,Delhi,female,1981-04-21,2020-11-21,Refferal,2021-11-21,Standard,Monthly,2025-09-12,Switched to competitor,13.91,802,96,1,N,5,0,1756
CUST-0336,Karan,Nepal,Kathmandu,male,1981-04-02,2023-04-21,Paid,2024-04-20,Basic,Monthly,2026-06-09,Too expensive,7.66,288,78,1,N,4,1,1145
CUST-0337,Meera,India,Delhi,male,2001-10-30,2021-01-31,Refferal,2022-01-31,Basic,Monthly,2024-09-19,Too expensive,8.01,349,82,1,Y,2,3,1327
CUST-0338,Suresh,India,Meghalaya,female,1986-12-15,2024-02-13,Refferal,2025-02-12,Standard,Monthly,,,17.59,558,30,0,Y,2,3,967
CUST-0339,Priya,Nepal,Kathmandu,male,1975-05-03,2023-11-27,Paid,2024-11-26,Basic,Monthly,2024-04-12,Lack of features,8.47,38,95,1,Y,2,2,137
CUST-0340,Rohan,India,Delhi,female,1993-08-13,2024-01-26,Paid,2025-01-25,Standard,Annual,,,13.12,424,6,0,N,3,1,985
CUST-0341,Rajesh,India,Telangana,male,2000-12-07,2023-12-11,Paid,2024-12-10,Standard,Annual,,,18.66,632,3,0,N,5,0,1031
CUST-0342,Rajesh,India,Maharashtra,male,1985-03-16,2023-05-10,Paid,2024-05-09,Basic,Monthly,,,7.84,320,23,0,N,4,1,1246
CUST-0343,Riya,India,Nagaland,male,1998-02-19,2022-12-24,Refferal,2023-12-24,Premium,Monthly,2023-11-07,Poor customer support,20.09,209,81,1,Y,3,5,318
CUST-0344,Divya,India,Nagaland,female,2000-01-09,2022-08-13,Paid,2023-08-13,Premium,Monthly,2025-02-19,Poor customer support,22.36,676,78,1,Y,1,3,921
CUST-0345,Manish,India,Telangana,male,1988-07-29,2021-07-08,Organic,2022-07-08,Standard,Annual,,,14.4,906,41,0,N,5,0,1917
CUST-0346,Sneha,India,Uttar Pradesh,male,1976-06-08,2022-01-02,Paid,2023-01-02,Basic,Annual,2025-03-31,Lack of features,9.1,353,84,1,Y,1,5,1184
CUST-0347,Rohan,India,Maharashtra,female,1999-11-10,2022-11-06,Paid,2023-11-06,Basic,Monthly,,,11.59,544,1,0,N,5,0,1431
CUST-0348,Rahul,India,Meghalaya,male,1997-12-30,2022-03-07,Refferal,2023-03-07,Standard,Annual,,,18.27,1005,8,0,Y,1,4,1675
CUST-0349,Karan,India,Telangana,female,1975-05-29,2023-04-21,Refferal,2024-04-20,Basic,Monthly,,,9.27,385,31,0,Y,1,3,1265
CUST-0350,Swati,India,Nagaland,female,1996-11-27,2021-01-25,Refferal,2022-01-25,Premium,Monthly,2024-10-04,Lack of features,24.1,1067,80,1,Y,2,5,1348
CUST-0351,Rajesh,India,Nagaland,male,1976-03-13,2020-02-13,Paid,2021-02-12,Basic,Monthly,2020-05-21,Service outages,9.77,31,86,1,N,4,0,98
CUST-0352,Divya,India,Nagaland,female,2003-06-17,2022-06-19,Paid,2023-06-19,Standard,Monthly,,,14.45,745,27,0,N,3,1,1571
CUST-0353,Manish,India,Rajasthan,male,1985-04-07,2021-04-26,Paid,2022-04-26,Basic,Monthly,2021-06-21,Poor customer support,7.25,13,97,1,N,4,1,56
CUST-0354,Rohan,India,Telangana,female,1997-05-31,2023-07-10,Organic,2024-07-09,Standard,Monthly,2025-02-11,Switched to competitor,18.63,356,96,1,N,4,0,582
CUST-0355,Aarav,India,Karnataka,male,1987-03-12,2023-04-12,Paid,2024-04-11,Basic,Annual,2025-07-29,Switched to competitor,7.92,218,83,1,Y,1,3,839
CUST-0356,Anita,India,Meghalaya,female,1989-08-11,2024-01-04,Organic,2025-01-03,Standard,Monthly,,,14.18,469,23,0,N,4,0,1007
CUST-0357,Manish,India,Nagaland,male,1987-06-18,2021-07-19,Refferal,2022-07-19,Basic,Monthly,,,9.35,585,5,0,N,4,0,1906
CUST-0358,Deepak,India,Delhi,female,1982-09-24,2020-08-07,Paid,2021-08-07,Premium,Monthly,2021-12-09,Lack of features,24.91,400,99,1,N,5,0,489
CUST-0359,Aarav,India,Telangana,male,1990-09-07,2024-04-30,Refferal,2025-04-30,Basic,Monthly,,,7.08,207,34,0,N,5,1,890
CUST-0360,Rohan,India,Rajasthan,male,1998-10-04,2023-11-18,Organic,2024-11-17,Premium,Monthly,,,21.47,743,19,0,Y,2,2,1054
CUST-0361,Sunita,India,Telangana,male,1997-12-22,2022-02-10,Organic,2023-02-10,Premium,Monthly,2022-08-18,Switched to competitor,23.77,147,94,1,Y,1,5,189
CUST-0362,Pooja,India,Meghalaya,male,1980-06-05,2023-05-03,Paid,2024-05-02,Basic,Monthly,,,10.41,428,31,0,N,4,0,1253
CUST-0363,Kavita,India,Rajasthan,female,1994-02-26,2021-02-12,Paid,2022-02-12,Premium,Monthly,,,22.27,1509,16,0,N,3,0,2063
CUST-0364,Rohan,India,Meghalaya,male,2001-06-16,2021-04-15,Paid,2022-04-15,Basic,Monthly,,,9.11,598,27,0,N,4,0,2001
CUST-0365,Neha,India,Telangana,female,1981-04-30,2023-10-02,Paid,2024-10-01,Premium,Monthly,2025-08-11,Too expensive,25.56,570,98,1,N,5,0,679
CUST-0366,Divya,India,Karnataka,female,1994-10-13,2024-01-25,Refferal,2025-01-24,Standard,Annual,,,18.32,593,26,0,N,4,0,986
CUST-0367,Swati,India,Meghalaya,female,2003-02-13,2022-12-20,Organic,2023-12-20,Basic,Annual,2023-12-18,Service outages,8.62,102,76,1,N,4,1,363
CUST-0368,Sunita,India,Rajasthan,male,2001-08-05,2020-06-14,Paid,2021-06-14,Basic,Monthly,2026-08-13,Poor customer support,7.66,566,98,1,Y,1,4,2251
CUST-0369,Arjun,India,Rajasthan,male,1976-08-27,2021-11-02,Refferal,2022-11-02,Basic,Monthly,,,9.44,558,39,0,N,3,0,1800
CUST-0370,Kavita,India,Meghalaya,female,1997-05-20,2023-03-20,Refferal,2024-03-19,Premium,Monthly,,,27.46,1170,44,0,N,4,1,1297
CUST-0371,Deepak,India,Telangana,male,1990-11-03,2020-04-20,Paid,2021-04-20,Basic,Monthly,,,7.54,584,29,0,N,4,0,2361
CUST-0372,Ananya,India,Uttar Pradesh,male,2001-04-23,2024-02-20,Paid,2025-02-19,Standard,Monthly,2024-06-09,Lack of features,15.54,56,82,1,N,4,0,110
CUST-0373,Pooja,India,Telangana,female,1987-08-03,2021-07-02,Refferal,2022-07-02,Standard,Monthly,,,13.1,827,31,0,N,4,1,1923
CUST-0374,Ananya,India,Meghalaya,female,1996-03-30,2022-10-23,Organic,2023-10-23,Premium,Monthly,,,20.33,965,2,0,N,5,0,1445
CUST-0375,Rajesh,India,Maharashtra,female,1995-08-16,2024-02-15,Refferal,2025-02-14,Basic,Annual,,,9.4,297,6,0,N,4,1,965
CUST-0376,Neha,India,Meghalaya,male,1998-12-06,2022-11-02,Paid,2023-11-02,Standard,Monthly,,,14.78,696,9,0,N,5,0,1435
CUST-0377,Aarav,India,Karnataka,female,1977-04-18,2023-03-31,Paid,2024-03-30,Standard,Monthly,2026-03-12,Poor customer support,18.06,638,84,1,N,4,0,1077
CUST-0378,Rahul,India,Meghalaya,male,1985-06-12,2020-12-09,Paid,2021-12-09,Standard,Monthly,2022-04-19,Service outages,16.6,270,89,1,N,4,1,496
CUST-0379,Amit,India,Meghalaya,male,1977-04-27,2024-01-12,Refferal,2025-01-11,Basic,Annual,,,9.26,303,2,0,Y,3,4,999
CUST-0380,Kavita,India,Karnataka,female,1987-11-23,2020-11-27,Refferal,2021-11-27,Basic,Annual,,,9.03,634,3,0,N,3,0,2140
CUST-0381,Meera,India,Meghalaya,male,1987-05-05,2020-09-20,Paid,2021-09-20,Basic,Monthly,,,9.48,687,30,0,Y,2,4,2208
CUST-0382,Vikram,India,Nagaland,male,1993-01-01,2020-03-23,Organic,2021-03-23,Standard,Annual,,,13.23,1038,8,0,N,4,0,2389
CUST-0383,Pooja,India,Maharashtra,male,1988-01-26,2022-02-15,Refferal,2023-02-15,Basic,Monthly,,,11.45,637,40,0,N,5,1,1695
CUST-0384,Deepak,India,Delhi,female,1987-03-27,2022-07-12,Refferal,2023-07-12,Standard,Annual,,,18.98,965,21,0,N,5,0,1548
CUST-0385,Rohan,India,Maharashtra,female,2003-08-26,2020-11-29,Organic,2021-11-29,Basic,Annual,2025-08-26,Too expensive,7.9,449,76,1,Y,1,2,1731
CUST-0386,Sunita,India,Meghalaya,female,1989-03-20,2023-11-04,Paid,2024-11-03,Premium,Monthly,,,21.19,743,43,0,N,3,1,1068
CUST-0387,Swati,India,Nagaland,female,1984-02-03,2023-05-27,Organic,2024-05-26,Premium,Annual,,,21.43,865,13,0,N,3,0,1229
CUST-0388,Sanjay,India,Telangana,male,1987-11-12,2021-10-19,Paid,2022-10-19,Standard,Monthly,2022-08-01,Switched to competitor,16.96,159,77,1,N,4,0,286
CUST-0389,Vikram,India,Meghalaya,male,1986-10-21,2021-03-29,Paid,2022-03-29,Basic,Monthly,2023-10-19,Poor customer support,10.3,316,78,1,N,3,0,934
CUST-0390,Priya,India,Nagaland,male,2002-11-23,2021-11-03,Organic,2022-11-03,Basic,Monthly,2026-03-24,Switched to competitor,11.23,591,85,1,N,4,1,1602
CUST-0391,Sanjay,India,Karnataka,male,1985-01-21,2022-01-10,Organic,2023-01-10,Basic,Annual,2024-12-19,Poor customer support,10.75,379,74,1,Y,1,4,1074
CUST-0392,Anita,India,Nagaland,male,1979-04-14,2023-01-17,Refferal,2024-01-17,Basic,Monthly,2025-01-14,Poor customer support,9.24,220,92,1,Y,2,5,728
CUST-0393,Aarav,India,Karnataka,female,1980-01-15,2020-11-28,Refferal,2021-11-28,Standard,Monthly,,,16.67,1171,32,0,N,5,0,2139
CUST-0394,Neha,India,Uttar Pradesh,male,1991-08-03,2020-11-05,Refferal,2021-11-05,Standard,Annual,2023-07-23,Poor customer support,17.12,556,83,1,N,4,1,990
CUST-0395,Divya,India,Delhi,male,1994-07-11,2021-12-27,Organic,2022-12-27,Premium,Monthly,,,25.12,1440,1,0,N,3,0,1745
CUST-0396,Meera,Nepal,Kathmandu,male,1976-12-27,2023-12-14,Paid,2024-12-13,Basic,Monthly,,,9.37,316,27,0,N,4,1,1028
CUST-0397,Divya,India,Nagaland,male,2000-11-01,2024-06-20,Organic,2025-06-20,Standard,Monthly,,,16.86,464,24,0,N,5,1,839
CUST-0398,Riya,India,Rajasthan,female,1993-05-03,2020-12-19,Paid,2021-12-19,Standard,Monthly,,,16.33,1136,22,0,Y,1,2,2118
CUST-0399,Suresh,India,Meghalaya,male,2000-05-06,2022-04-03,Paid,2023-04-03,Standard,Monthly,,,16.85,912,14,0,N,4,0,1648
CUST-0400,Deepak,India,Maharashtra,male,1975-10-10,2023-01-28,Paid,2024-01-28,Basic,Monthly,2026-07-22,Lack of features,10.05,419,82,1,Y,2,3,1271
CUST-0401,Arjun,Nepal,Kathmandu,female,1977-12-17,2020-05-24,Refferal,2021-05-24,Standard,Annual,,,17.31,1323,8,0,N,4,0,2327
CUST-0402,Ananya,India,Maharashtra,male,1985-08-21,2022-10-30,Organic,2023-10-30,Standard,Annual,2023-07-07,Service outages,16.85,138,96,1,Y,1,5,250
CUST-0403,Ananya,India,Uttar Pradesh,male,1982-11-21,2022-12-03,Refferal,2023-12-03,Standard,Monthly,2026-01-21,Poor customer support,16.11,605,72,1,Y,1,5,1145
CUST-0404,Deepak,Nepal,Kathmandu,male,1983-02-18,2023-11-10,Organic,2024-11-09,Premium,Monthly,,,26.81,935,33,0,N,4,0,1062
CUST-0405,Kavita,Nepal,Kathmandu,female,2000-08-01,2022-06-28,Paid,2023-06-28,Basic,Monthly,,,9.24,474,21,0,N,3,1,1562
CUST-0406,Suresh,India,Maharashtra,female,1994-02-15,2022-01-30,Refferal,2023-01-30,Basic,Annual,2024-03-01,Poor customer support,8.2,204,96,1,N,5,1,761
CUST-0407,Kavita,India,Karnataka,female,1977-08-05,2021-05-09,Organic,2022-05-09,Standard,Monthly,2023-12-28,Poor customer support,13.0,411,77,1,Y,2,5,963
CUST-0408,Kavita,India,Maharashtra,male,1988-01-13,2024-02-25,Refferal,2025-02-24,Standard,Monthly,,,16.35,512,41,0,N,4,0,955
CUST-0409,Rajesh,India,Karnataka,female,2002-02-17,2023-04-07,Refferal,2024-04-06,Basic,Annual,,,9.94,417,44,0,N,4,0,1279
CUST-0410,Anita,India,Uttar Pradesh,male,1975-03-08,2021-10-03,Refferal,2022-10-03,Premium,Monthly,,,29.71,1786,41,0,N,3,0,1830
CUST-0411,Pooja,India,Meghalaya,male,1999-03-04,2021-06-14,Organic,2022-06-14,Premium,Monthly,2024-05-08,Lack of features,23.6,821,89,1,N,4,0,1059
CUST-0412,Sneha,India,Telangana,male,1998-04-15,2023-09-21,Organic,2024-09-20,Premium,Annual,2024-08-04,Too expensive,23.93,249,93,1,N,5,0,318
CUST-0413,Arjun,India,Karnataka,male,1976-07-18,2021-05-27,Paid,2022-05-27,Basic,Annual,2024-06-08,Service outages,8.0,291,80,1,Y,1,4,1108
CUST-0414,Kavita,India,Uttar Pradesh,male,2001-10-24,2020-05-09,Organic,2021-05-09,Premium,Monthly,,,20.7,1592,37,0,N,4,0,2342
CUST-0415,Amit,India,Rajasthan,female,1999-09-09,2022-10-04,Paid,2023-10-04,Standard,Annual,,,17.63,847,21,0,N,5,1,1464
CUST-0416,Karan,India,Uttar Pradesh,female,1985-01-18,2024-04-11,Paid,2025-04-11,Standard,Monthly,,,14.49,432,18,0,Y,2,4,909
CUST-0417,Aarav,India,Maharashtra,male,2000-03-27,2024-03-17,Organic,2025-03-17,Standard,Annual,,,16.64,510,11,0,N,5,1,934
CUST-0418,Neha,India,Maharashtra,male,1981-03-01,2023-06-27,Paid,2024-06-26,Premium,Monthly,2026-06-21,Service outages,26.87,962,96,1,N,5,0,1090
CUST-0419,Manish,India,Telangana,male,1977-03-15,2022-01-03,Organic,2023-01-03,Standard,Annual,2026-01-13,Service outages,15.82,764,80,1,Y,1,3,1471
CUST-0420,Riya,India,Uttar Pradesh,male,1987-09-06,2022-08-04,Paid,2023-08-04,Basic,Annual,,,11.37,569,38,0,N,5,0,1525
CUST-0421,Riya,India,Delhi,female,2001-03-28,2023-03-07,Paid,2024-03-06,Standard,Annual,2025-05-12,Service outages,15.65,409,70,1,Y,2,4,797
CUST-0422,Karan,India,Meghalaya,male,1978-05-20,2023-07-22,Paid,2024-07-21,Standard,Annual,,,14.7,566,29,0,N,3,0,1173
CUST-0423,Vikram,India,Maharashtra,female,1993-05-26,2022-09-28,Paid,2023-09-28,Basic,Monthly,,,11.47,553,21,0,N,4,0,1470
CUST-0424,Priya,India,Telangana,male,1993-11-28,2021-04-08,Refferal,2022-04-08,Premium,Monthly,2026-07-03,Switched to competitor,28.61,1797,98,1,Y,1,3,1912
CUST-0425,Sneha,India,Meghalaya,male,1991-06-22,2020-05-20,Paid,2021-05-20,Standard,Monthly,,,13.97,1069,9,0,N,3,0,2331
CUST-0426,Sanjay,India,Uttar Pradesh,male,1984-09-19,2023-07-03,Paid,2024-07-02,Standard,Annual,,,13.15,514,7,0,Y,3,2,1192
CUST-0427,Anita,India,Uttar Pradesh,male,1996-09-25,2022-05-31,Paid,2023-05-31,Basic,Annual,2025-05-09,Poor customer support,7.44,262,75,1,Y,1,4,1074
CUST-0428,Arjun,Nepal,Kathmandu,male,1986-05-04,2021-03-31,Paid,2022-03-31,Standard,Monthly,,,14.71,974,31,0,Y,1,5,2016
CUST-0429,Rohan,India,Telangana,female,1994-01-27,2021-03-09,Refferal,2022-03-09,Basic,Annual,,,11.85,793,27,0,N,4,1,2038
CUST-0430,Deepak,India,Maharashtra,male,2001-02-19,2024-06-18,Paid,2025-06-18,Basic,Annual,2026-03-18,Lack of features,9.78,204,97,1,N,3,1,638
CUST-0431,Neha,India,Delhi,female,1989-08-10,2020-06-21,Refferal,2021-06-21,Standard,Annual,,,15.23,1150,42,0,N,5,0,2299
CUST-0432,Anita,India,Uttar Pradesh,male,1988-11-25,2021-04-17,Organic,2022-04-17,Standard,Annual,,,18.32,1203,32,0,N,3,0,1999
CUST-0433,Meera,India,Delhi,male,1990-05-13,2023-12-17,Refferal,2024-12-16,Standard,Monthly,,,15.71,528,5,0,N,5,1,1025
CUST-0434,Sanjay,India,Uttar Pradesh,male,2002-06-16,2022-10-16,Organic,2023-10-16,Basic,Monthly,2023-01-27,Switched to competitor,8.57,28,70,1,N,5,0,103
CUST-0435,Sunita,India,Maharashtra,female,1997-02-23,2022-07-05,Paid,2023-07-05,Standard,Monthly,,,18.64,952,15,0,N,4,1,1555
CUST-0436,Pooja,India,Meghalaya,male,1982-12-02,2021-03-14,Paid,2022-03-14,Basic,Monthly,,,11.24,750,5,0,N,5,0,2033
CUST-0437,Suresh,India,Nagaland,female,1990-04-09,2022-10-12,Organic,2023-10-12,Premium,Annual,2023-09-05,Service outages,28.43,306,89,1,Y,1,4,328
CUST-0438,Rajesh,India,Meghalaya,male,1984-11-27,2022-12-16,Refferal,2023-12-16,Standard,Annual,,,16.06,733,38,0,N,4,1,1391
CUST-0439,Swati,India,Uttar Pradesh,female,1979-04-09,2021-05-12,Refferal,2022-05-12,Standard,Annual,,,17.73,1149,37,0,N,3,0,1974
CUST-0440,Suresh,India,Nagaland,male,1993-04-19,2024-06-25,Refferal,2025-06-25,Basic,Annual,,,7.89,216,17,0,N,4,1,834
CUST-0441,Deepak,India,Nagaland,female,1979-02-16,2020-06-17,Paid,2021-06-17,Basic,Monthly,2023-10-23,Lack of features,9.86,396,87,1,N,5,0,1223
CUST-0442,Karan,India,Delhi,female,1980-08-25,2022-09-15,Paid,2023-09-15,Premium,Monthly,,,29.83,1453,4,0,N,5,0,1483
CUST-0443,Manish,India,Telangana,female,1984-12-21,2024-05-24,Refferal,2025-05-24,Basic,Monthly,2024-11-01,Poor customer support,8.44,44,93,1,Y,2,3,161
CUST-0444,Deepak,India,Delhi,male,1980-06-23,2021-07-14,Refferal,2022-07-14,Standard,Monthly,,,17.76,1114,21,0,N,3,0,1911
CUST-0445,Rahul,India,Delhi,male,1978-07-18,2021-03-03,Paid,2022-03-03,Standard,Monthly,,,15.93,1069,34,0,N,5,0,2044
CUST-0446,Riya,India,Meghalaya,male,1986-02-17,2021-02-22,Organic,2022-02-22,Basic,Monthly,2025-01-15,Switched to competitor,7.19,336,77,1,Y,1,3,1423
CUST-0447,Manish,India,Meghalaya,female,1996-12-10,2023-10-02,Paid,2024-10-01,Premium,Monthly,,,27.62,999,5,0,N,4,0,1101
CUST-0448,Aarav,India,Rajasthan,female,2002-03-25,2024-03-20,Paid,2025-03-20,Standard,Monthly,,,14.0,428,4,0,N,5,1,931
CUST-0449,Aarav,India,Uttar Pradesh,female,1979-05-23,2021-03-30,Organic,2022-03-30,Basic,Annual,2023-03-01,Switched to competitor,10.15,233,94,1,N,5,0,701
CUST-0450,Arjun,India,Rajasthan,male,1978-08-15,2021-12-14,Refferal,2022-12-14,Basic,Monthly,,,7.42,428,22,0,N,5,1,1758
CUST-0451,Ananya,India,Maharashtra,male,1991-04-23,2020-07-20,Refferal,2021-07-20,Basic,Monthly,2024-10-09,Service outages,11.72,593,83,1,N,3,0,1542
CUST-0452,Kavita,India,Uttar Pradesh,male,1981-09-07,2020-06-27,Paid,2021-06-27,Premium,Monthly,,,22.91,1725,4,0,N,3,0,2293
CUST-0453,Meera,India,Uttar Pradesh,female,1978-01-03,2020-02-26,Paid,2021-02-25,Standard,Annual,,,14.35,1138,8,0,N,4,1,2415
CUST-0454,Neha,Nepal,Kathmandu,female,1988-11-21,2024-06-15,Refferal,2025-06-15,Basic,Monthly,,,7.64,211,3,0,N,4,1,844
CUST-0455,Sanjay,Nepal,Kathmandu,female,2001-07-20,2022-08-03,Paid,2023-08-03,Basic,Monthly,2026-06-30,Lack of features,11.72,549,83,1,N,5,0,1427
CUST-0456,Manish,India,Karnataka,male,2000-07-06,2021-05-15,Organic,2022-05-15,Standard,Annual,2023-02-18,Service outages,17.26,365,98,1,Y,1,2,644
CUST-0457,Aarav,India,Karnataka,female,1998-03-29,2022-01-08,Organic,2023-01-08,Standard,Monthly,,,17.44,992,26,0,Y,2,5,1733
CUST-0458,Meera,India,Delhi,female,2003-07-10,2020-04-21,Organic,2021-04-21,Standard,Annual,2022-05-20,Lack of features,15.99,398,87,1,Y,3,4,759
CUST-0459,Vikram,India,Maharashtra,male,1985-05-15,2023-03-17,Paid,2024-03-16,Basic,Monthly,,,9.36,399,30,0,N,5,1,1300
CUST-0460,Karan,India,Nagaland,female,1980-09-27,2021-12-15,Refferal,2022-12-15,Basic,Monthly,,,7.54,435,12,0,N,4,0,1757
CUST-0461,Kavita,India,Nagaland,female,1981-01-17,2023-11-02,Paid,2024-11-01,Standard,Monthly,,,16.35,574,15,0,N,3,0,1070
CUST-0462,Deepak,Nepal,Kathmandu,female,1991-05-25,2022-05-26,Paid,2023-05-26,Premium,Annual,,,22.46,1176,41,0,N,4,1,1595
CUST-0463,Rohan,Nepal,Kathmandu,female,1975-06-25,2023-10-03,Paid,2024-10-02,Basic,Monthly,,,11.88,429,2,0,Y,1,5,1100
CUST-0464,Riya,Nepal,Kathmandu,male,1994-08-18,2023-10-13,Paid,2024-10-12,Standard,Monthly,2025-10-27,Lack of features,17.77,434,70,1,Y,1,3,745
CUST-0465,Meera,India,Telangana,male,1991-06-20,2022-12-15,Organic,2023-12-15,Standard,Monthly,,,15.47,707,28,0,Y,3,2,1392
CUST-0466,Suresh,India,Karnataka,female,1979-07-26,2022-03-23,Paid,2023-03-23,Standard,Monthly,,,13.9,757,40,0,N,5,1,1659
CUST-0467,Karan,India,Meghalaya,male,1999-04-12,2023-09-01,Paid,2024-08-31,Basic,Monthly,2026-08-05,Too expensive,10.92,383,72,1,Y,2,5,1069
CUST-0468,Kavita,India,Nagaland,female,1979-12-29,2022-08-21,Organic,2023-08-21,Premium,Annual,,,21.21,1050,34,0,N,5,0,1508
CUST-0469,Divya,India,Uttar Pradesh,female,1989-02-03,2023-04-23,Paid,2024-04-22,Standard,Annual,,,14.13,586,4,0,N,4,0,1263
CUST-0470,Karan,India,Karnataka,female,1978-09-18,2022-12-13,Refferal,2023-12-13,Standard,Monthly,,,14.26,653,18,0,N,4,0,1394
CUST-0471,Arjun,India,Rajasthan,female,1983-05-31,2020-02-06,Paid,2021-02-05,Basic,Monthly,2021-11-22,Lack of features,9.77,210,81,1,N,5,0,655
CUST-0472,Rajesh,India,Meghalaya,male,1983-12-04,2022-10-09,Paid,2023-10-09,Basic,Annual,,,10.93,523,21,0,N,5,0,1459
CUST-0473,Divya,India,Karnataka,male,1991-12-22,2023-07-17,Organic,2024-07-16,Basic,Monthly,2025-08-04,Lack of features,8.56,210,79,1,Y,3,4,749
CUST-0474,Anita,India,Maharashtra,male,1976-06-30,2022-05-12,Paid,2023-05-12,Standard,Monthly,2024-10-29,Service outages,13.5,399,90,1,N,4,0,901
CUST-0475,Karan,India,Uttar Pradesh,male,1989-04-28,2022-01-01,Refferal,2023-01-01,Basic,Monthly,2025-04-24,Switched to competitor,9.31,369,77,1,Y,2,4,1209
CUST-0476,Riya,India,Karnataka,male,1996-10-22,2024-03-11,Paid,2025-03-11,Standard,Annual,,,17.48,539,25,0,Y,1,3,940
CUST-0477,Meera,India,Telangana,male,1980-09-14,2023-06-05,Paid,2024-06-04,Basic,Annual,2025-01-28,Switched to competitor,8.1,160,87,1,N,4,0,603
CUST-0478,Meera,Nepal,Kathmandu,female,1980-08-02,2023-12-22,Paid,2024-12-21,Standard,Annual,2026-06-08,Switched to competitor,14.31,422,86,1,Y,1,2,899
CUST-0479,Manish,Nepal,Kathmandu,female,1987-06-01,2022-03-20,Paid,2023-03-20,Standard,Monthly,,,18.67,1019,6,0,N,3,1,1662
CUST-0480,Vikram,India,Uttar Pradesh,male,1979-10-19,2022-10-21,Paid,2023-10-21,Basic,Monthly,,,11.76,559,14,0,Y,1,3,1447
CUST-0481,Priya,Nepal,Kathmandu,male,2001-11-07,2020-01-23,Refferal,2021-01-22,Basic,Annual,2022-10-07,Lack of features,11.94,387,74,1,N,5,0,988
CUST-0482,Aarav,India,Karnataka,female,1980-01-24,2024-03-06,Paid,2025-03-06,Basic,Monthly,2026-03-01,Too expensive,11.03,262,77,1,N,5,0,725
CUST-0483,Karan,India,Rajasthan,male,1982-03-27,2024-01-11,Paid,2025-01-10,Standard,Annual,,,14.12,463,40,0,N,3,0,1000
CUST-0484,Deepak,India,Nagaland,male,1979-05-20,2022-03-06,Paid,2023-03-06,Standard,Annual,,,14.26,785,18,0,N,4,0,1676
CUST-0485,Pooja,India,Nagaland,male,1987-01-20,2021-05-10,Organic,2022-05-10,Basic,Monthly,2025-08-17,Switched to competitor,8.69,445,99,1,N,4,0,1560
CUST-0486,Kavita,India,Meghalaya,female,1985-05-27,2022-06-18,Organic,2023-06-18,Standard,Annual,,,14.9,769,9,0,N,5,0,1572
CUST-0487,Karan,India,Delhi,male,1976-09-10,2021-02-28,Refferal,2022-02-28,Basic,Monthly,,,11.77,791,14,0,N,5,1,2047
CUST-0488,Priya,India,Maharashtra,female,1978-02-06,2021-11-30,Organic,2022-11-30,Basic,Annual,2024-03-22,Switched to competitor,10.94,302,83,1,Y,1,5,843
CUST-0489,Ananya,India,Uttar Pradesh,male,1990-01-13,2020-01-18,Paid,2021-01-17,Basic,Monthly,2025-06-01,Service outages,10.61,683,89,1,N,4,0,1961
CUST-0490,Anita,India,Meghalaya,male,1990-11-13,2024-01-08,Paid,2025-01-07,Premium,Monthly,,,21.85,719,17,0,Y,2,5,1003
CUST-0491,Pooja,India,Delhi,male,2003-03-22,2024-05-03,Refferal,2025-05-03,Basic,Annual,2025-01-23,Service outages,11.54,100,99,1,N,4,0,265
CUST-0492,Suresh,India,Telangana,male,2003-11-01,2024-05-01,Refferal,2025-05-01,Basic,Annual,,,11.13,325,34,0,N,4,0,889
CUST-0493,Aarav,India,Telangana,female,1995-11-25,2021-09-18,Paid,2022-09-18,Basic,Monthly,2026-01-28,Service outages,7.81,408,83,1,Y,1,3,1593
CUST-0494,Swati,India,Maharashtra,female,1979-01-27,2022-11-28,Paid,2023-11-28,Basic,Monthly,2024-01-30,Too expensive,11.35,159,96,1,N,4,0,428
CUST-0495,Karan,Nepal,Kathmandu,female,1996-06-27,2023-05-18,Organic,2024-05-17,Standard,Monthly,2024-08-02,Poor customer support,14.62,212,91,1,Y,2,2,442
CUST-0496,Sanjay,India,Karnataka,female,1988-09-18,2020-07-29,Organic,2021-07-29,Basic,Monthly,2021-03-11,Lack of features,7.39,54,90,1,N,4,0,225
CUST-0497,Priya,India,Meghalaya,female,2001-09-10,2021-07-18,Paid,2022-07-18,Basic,Monthly,2023-06-05,Too expensive,10.27,231,81,1,N,4,0,687
CUST-0498,Meera,India,Meghalaya,female,1980-10-14,2022-08-29,Refferal,2023-08-29,Standard,Monthly,2026-03-03,Poor customer support,16.91,712,92,1,Y,2,5,1282
CUST-0499,Swati,India,Uttar Pradesh,female,1977-11-10,2023-07-28,Paid,2024-07-27,Basic,Monthly,2024-09-04,Poor customer support,7.46,99,94,1,N,4,0,404
CUST-0500,Meera,India,Uttar Pradesh,male,1981-08-28,2020-05-12,Paid,2021-05-12,Standard,Monthly,,,14.9,1144,16,0,N,3,1,2339
CUST-0501,Deepak,India,Telangana,male,1996-11-05,2021-03-24,Paid,2022-03-24,Standard,Monthly,,,18.95,1259,22,0,Y,2,5,2023
CUST-0502,Ananya,India,Telangana,male,1979-05-02,2020-09-20,Paid,2021-09-20,Basic,Monthly,2026-08-17,Switched to competitor,10.38,735,75,1,N,3,0,2157
CUST-0503,Rajesh,India,Rajasthan,female,1978-08-01,2020-04-20,Paid,2021-04-20,Standard,Monthly,,,17.37,1347,39,0,N,4,0,2361
CUST-0504,Anita,India,Rajasthan,male,1988-06-18,2024-04-27,Organic,2025-04-27,Basic,Annual,2025-10-17,Service outages,8.05,142,71,1,Y,2,4,538
CUST-0505,Swati,Nepal,Kathmandu,male,1999-01-28,2022-04-29,Paid,2023-04-29,Standard,Monthly,,,13.46,717,8,0,Y,3,4,1622
CUST-0506,Riya,India,Rajasthan,female,1979-06-09,2023-06-15,Refferal,2024-06-14,Standard,Annual,,,14.65,582,44,0,N,3,0,1210
CUST-0507,Sunita,India,Karnataka,female,1995-07-18,2024-01-20,Paid,2025-01-19,Basic,Annual,2025-04-17,Poor customer support,8.23,122,70,1,N,4,1,453
CUST-0508,Rohan,India,Karnataka,female,1988-01-19,2022-06-19,Paid,2023-06-19,Standard,Annual,,,14.4,743,41,0,N,4,0,1571
CUST-0509,Aarav,India,Meghalaya,male,1989-09-06,2022-01-28,Organic,2023-01-28,Premium,Annual,,,21.92,1233,40,0,N,5,0,1713
CUST-0510,Aarav,India,Nagaland,female,1989-03-20,2024-03-19,Refferal,2025-03-19,Premium,Annual,,,25.74,788,41,0,N,4,0,932
CUST-0511,Suresh,India,Karnataka,male,1993-02-17,2022-05-10,Organic,2023-05-10,Standard,Monthly,,,14.96,791,5,0,N,4,0,1611
CUST-0512,Amit,India,Delhi,male,1991-09-07,2022-06-15,Organic,2023-06-15,Standard,Monthly,2022-11-16,Service outages,17.91,90,82,1,Y,2,2,154
CUST-0513,Karan,India,Telangana,male,1993-05-10,2022-05-11,Paid,2023-05-11,Basic,Annual,2024-02-26,Too expensive,7.91,170,83,1,Y,1,2,656
CUST-0514,Riya,India,Uttar Pradesh,male,1975-04-11,2023-04-11,Paid,2024-04-10,Basic,Monthly,,,9.31,389,36,0,N,4,0,1275
CUST-0515,Rohan,India,Rajasthan,male,1993-03-24,2020-07-11,Organic,2021-07-11,Standard,Annual,2025-08-17,Too expensive,13.07,799,86,1,Y,1,5,1863
CUST-0516,Aarav,India,Meghalaya,female,1991-02-01,2021-05-29,Organic,2022-05-29,Basic,Monthly,,,9.4,604,41,0,Y,2,5,1957
CUST-0517,Aarav,India,Maharashtra,male,1986-09-11,2022-02-28,Refferal,2023-02-28,Premium,Annual,,,20.55,1135,30,0,N,3,0,1682
CUST-0518,Neha,India,Uttar Pradesh,female,1975-08-26,2022-08-25,Refferal,2023-08-25,Basic,Monthly,2024-03-19,Lack of features,11.88,223,89,1,Y,1,5,572
CUST-0519,Pooja,India,Delhi,female,1994-10-14,2024-05-10,Refferal,2025-05-10,Basic,Monthly,,,10.94,316,15,0,N,5,0,880
CUST-0520,Amit,India,Rajasthan,male,1996-12-28,2023-12-03,Paid,2024-12-02,Basic,Monthly,2025-11-09,Service outages,9.44,219,89,1,N,4,0,707
CUST-0521,Riya,India,Delhi,male,1989-04-15,2020-03-24,Refferal,2021-03-24,Premium,Annual,2025-12-20,Service outages,20.86,1437,73,1,Y,2,3,2097
CUST-0522,Sanjay,India,Telangana,male,1986-01-08,2022-03-08,Organic,2023-03-08,Standard,Annual,2022-07-26,Too expensive,16.54,76,71,1,Y,2,2,140
CUST-0523,Riya,India,Telangana,female,1991-08-18,2020-03-20,Refferal,2021-03-20,Standard,Monthly,,,17.54,1378,4,0,N,4,0,2392
CUST-0524,Divya,Nepal,Kathmandu,male,1981-12-17,2024-05-20,Paid,2025-05-20,Basic,Annual,2025-02-12,Too expensive,7.94,69,87,1,N,5,0,268
CUST-0525,Ananya,India,Meghalaya,male,2002-11-30,2023-05-17,Paid,2024-05-16,Premium,Monthly,,,25.67,1044,24,0,N,5,0,1239
CUST-0526,Suresh,India,Uttar Pradesh,male,1979-03-18,2021-06-05,Paid,2022-06-05,Basic,Monthly,2022-03-12,Lack of features,11.06,101,85,1,N,4,0,280
CUST-0527,Sunita,India,Uttar Pradesh,female,1977-01-24,2023-05-07,Paid,2024-05-06,Premium,Monthly,,,27.67,1135,42,0,N,5,1,1249
CUST-0528,Rohan,India,Maharashtra,female,2003-08-12,2024-05-13,Organic,2025-05-13,Standard,Monthly,,,17.81,513,2,0,N,3,0,877
CUST-0529,Deepak,India,Meghalaya,male,1995-04-02,2020-08-21,Paid,2021-08-21,Basic,Monthly,2025-11-23,Too expensive,11.39,718,83,1,N,4,0,1920
CUST-0530,Rajesh,India,Delhi,female,1996-06-02,2020-08-31,Paid,2021-08-31,Standard,Monthly,2023-03-14,Switched to competitor,18.62,565,71,1,N,4,0,925
CUST-0531,Neha,India,Maharashtra,female,1990-01-29,2023-11-17,Paid,2024-11-16,Standard,Annual,,,15.42,534,1,0,N,4,0,1055
CUST-0532,Pooja,India,Nagaland,female,1986-08-06,2024-05-08,Refferal,2025-05-08,Basic,Annual,2026-08-02,Poor customer support,9.83,263,82,1,N,3,0,816
CUST-0533,Ananya,India,Uttar Pradesh,female,1976-06-24,2024-01-09,Refferal,2025-01-08,Premium,Monthly,,,27.9,918,6,0,N,3,0,1002
CUST-0534,Suresh,India,Delhi,female,1990-02-01,2022-04-28,Paid,2023-04-28,Standard,Monthly,,,17.17,915,22,0,N,5,0,1623
CUST-0535,Rahul,India,Karnataka,female,1998-03-02,2021-01-27,Paid,2022-01-27,Basic,Monthly,2025-03-01,Switched to competitor,11.97,587,86,1,N,3,0,1494
CUST-0536,Vikram,Nepal,Kathmandu,female,1996-09-13,2020-01-09,Paid,2021-01-08,Basic,Monthly,,,7.06,571,22,0,N,5,0,2463
CUST-0537,Priya,India,Meghalaya,male,1989-01-18,2021-09-04,Refferal,2022-09-04,Standard,Monthly,,,15.12,923,43,0,Y,3,4,1859
CUST-0538,Manish,India,Telangana,male,1998-10-24,2022-03-17,Paid,2023-03-17,Standard,Monthly,,,14.68,802,6,0,N,3,0,1665
CUST-0539,Sunita,India,Karnataka,male,1978-02-03,2021-12-15,Organic,2022-12-15,Standard,Annual,,,14.56,840,3,0,Y,2,5,1757
CUST-0540,Sanjay,Nepal,Kathmandu,female,2003-02-14,2023-03-22,Paid,2024-03-21,Standard,Annual,2026-01-21,Switched to competitor,14.33,487,83,1,Y,2,2,1036
CUST-0541,Amit,Nepal,Kathmandu,female,1983-08-12,2020-04-19,Paid,2021-04-19,Standard,Monthly,,,17.24,1337,6,0,N,4,0,2362
CUST-0542,Swati,India,Nagaland,male,1998-06-02,2022-04-13,Refferal,2023-04-13,Premium,Monthly,,,20.84,1121,17,0,N,4,0,1638
CUST-0543,Priya,India,Nagaland,female,1985-03-09,2020-09-22,Paid,2021-09-22,Standard,Monthly,2025-04-10,Service outages,17.44,951,72,1,Y,2,2,1661
CUST-0544,Manish,India,Rajasthan,male,2001-06-01,2023-10-28,Refferal,2024-10-27,Premium,Annual,,,26.92,950,37,0,N,5,0,1075
CUST-0545,Priya,India,Rajasthan,male,1986-02-19,2023-03-21,Paid,2024-03-20,Basic,Monthly,2024-08-20,Service outages,8.24,140,84,1,N,4,0,518
CUST-0546,Pooja,India,Maharashtra,female,1986-06-27,2022-09-02,Refferal,2023-09-02,Basic,Monthly,,,8.25,405,35,0,N,3,0,1496
CUST-0547,Karan,Nepal,Kathmandu,male,2002-01-12,2024-06-06,Refferal,2025-06-06,Basic,Annual,2026-07-17,Too expensive,10.13,256,92,1,Y,1,3,771
CUST-0548,Rahul,India,Karnataka,male,2000-04-23,2022-08-12,Organic,2023-08-12,Standard,Monthly,2026-05-24,Switched to competitor,17.56,796,77,1,Y,1,5,1381
CUST-0549,Swati,India,Meghalaya,female,1994-12-08,2023-12-09,Paid,2024-12-08,Premium,Monthly,,,28.75,975,7,0,N,4,0,1033
CUST-0550,Rohan,Nepal,Kathmandu,female,1981-11-14,2022-06-25,Paid,2023-06-25,Basic,Monthly,2026-09-25,Switched to competitor,11.25,573,87,1,N,5,0,1553
CUST-0551,Rajesh,India,Nagaland,male,1988-09-25,2023-09-11,Paid,2024-09-10,Basic,Monthly,2025-11-22,Too expensive,11.81,311,79,1,Y,3,3,803
CUST-0552,Rohan,India,Delhi,female,1992-11-20,2021-11-02,Organic,2022-11-02,Premium,Monthly,,,25.8,1525,26,0,N,4,0,1800
CUST-0553,Meera,India,Telangana,female,1987-12-11,2024-04-23,Organic,2025-04-23,Basic,Monthly,,,11.53,339,10,0,N,4,0,897
CUST-0554,Priya,India,Rajasthan,male,1976-11-12,2020-06-24,Paid,2021-06-24,Standard,Monthly,2022-10-13,Switched to competitor,17.84,492,88,1,Y,1,5,841
CUST-0555,Sunita,India,Uttar Pradesh,male,1985-10-07,2021-06-08,Paid,2022-06-08,Standard,Monthly,,,18.36,1174,23,0,N,4,0,1947
CUST-0556,Rajesh,India,Delhi,female,2003-04-05,2023-08-31,Paid,2024-08-30,Premium,Annual,2026-06-13,Poor customer support,20.11,671,70,1,N,5,0,1017
CUST-0557,Vikram,India,Meghalaya,male,1990-03-23,2022-12-26,Paid,2023-12-26,Basic,Monthly,2023-07-08,Switched to competitor,11.82,75,71,1,Y,2,5,194
CUST-0558,Swati,India,Nagaland,female,1985-12-30,2022-08-09,Paid,2023-08-09,Basic,Monthly,2026-05-07,Too expensive,9.36,420,97,1,Y,1,5,1367
CUST-0559,Deepak,India,Nagaland,female,1995-02-04,2024-04-25,Paid,2025-04-25,Standard,Annual,,,17.78,522,32,0,N,4,1,895
CUST-0560,Karan,India,Nagaland,female,1976-12-20,2023-04-22,Refferal,2024-04-21,Premium,Annual,,,21.26,882,33,0,N,3,0,1264
CUST-0561,Riya,India,Uttar Pradesh,male,1975-03-16,2022-11-24,Organic,2023-11-24,Standard,Annual,,,15.37,713,9,0,N,4,0,1413
CUST-0562,Rajesh,India,Rajasthan,female,2000-12-20,2021-05-19,Organic,2022-05-19,Basic,Monthly,2022-08-27,Service outages,8.35,127,98,1,N,4,1,465
CUST-0563,Deepak,India,Delhi,male,2002-09-10,2022-04-28,Paid,2023-04-28,Standard,Monthly,,,14.74,785,29,0,N,4,0,1623
CUST-0564,Sanjay,India,Meghalaya,male,1986-05-20,2022-08-20,Refferal,2023-08-20,Premium,Annual,,,21.22,1051,15,0,N,3,0,1509
CUST-0565,Deepak,India,Rajasthan,male,1998-04-21,2023-01-04,Organic,2024-01-04,Premium,Annual,,,28.05,1264,18,0,N,3,1,1372
CUST-0566,Rohan,India,Meghalaya,male,1980-11-19,2021-04-16,Paid,2022-04-16,Premium,Monthly,2025-10-24,Service outages,20.08,1089,87,1,Y,2,3,1652
CUST-0567,Rahul,India,Rajasthan,female,2001-05-28,2024-05-24,Refferal,2025-05-24,Basic,Annual,2026-01-18,Lack of features,8.55,169,91,1,N,4,1,604
CUST-0568,Rajesh,India,Uttar Pradesh,male,2001-09-08,2021-06-06,Paid,2022-06-06,Basic,Monthly,2022-06-27,Service outages,7.86,99,76,1,Y,2,3,386
CUST-0569,Rajesh,India,Telangana,male,1993-05-19,2022-05-29,Paid,2023-05-29,Standard,Annual,2022-09-16,Too expensive,16.52,59,83,1,Y,2,2,110
CUST-0570,Anita,India,Meghalaya,female,1986-07-09,2023-07-30,Paid,2024-07-29,Premium,Annual,,,22.53,862,29,0,N,4,0,1165
CUST-0571,Meera,India,Rajasthan,male,1994-07-21,2024-04-08,Paid,2025-04-08,Basic,Annual,2025-09-13,Poor customer support,8.28,142,87,1,Y,3,3,523
CUST-0572,Kavita,India,Nagaland,female,1998-09-09,2020-09-30,Refferal,2021-09-30,Basic,Annual,2022-12-18,Too expensive,9.43,250,99,1,Y,1,2,809
CUST-0573,Sanjay,Nepal,Kathmandu,male,1999-11-09,2024-04-11,Paid,2025-04-11,Premium,Annual,,,26.52,791,19,0,N,4,0,909
CUST-0574,Suresh,India,Nagaland,female,1985-10-11,2020-02-23,Paid,2021-02-22,Basic,Monthly,2022-06-13,Lack of features,7.6,209,98,1,N,5,1,841
CUST-0575,Rajesh,India,Maharashtra,female,2000-06-25,2022-12-14,Paid,2023-12-14,Basic,Monthly,2023-05-20,Too expensive,7.87,40,74,1,Y,1,5,157
CUST-0576,Priya,India,Telangana,male,1977-12-11,2022-06-06,Organic,2023-06-06,Standard,Monthly,,,14.47,752,41,0,N,4,0,1584
CUST-0577,Riya,India,Telangana,male,1985-08-12,2022-01-14,Paid,2023-01-14,Standard,Monthly,2022-09-14,Switched to competitor,18.83,150,87,1,Y,1,2,243
CUST-0578,Rahul,India,Nagaland,male,1987-08-21,2020-10-03,Refferal,2021-10-03,Standard,Annual,,,15.37,1108,5,0,Y,2,5,2195
CUST-0579,Suresh,India,Delhi,female,1994-11-22,2024-01-06,Refferal,2025-01-05,Basic,Monthly,,,9.98,329,15,0,N,4,0,1005
CUST-0580,Riya,India,Uttar Pradesh,male,1992-06-19,2022-06-01,Paid,2023-06-01,Standard,Monthly,2024-06-16,Poor customer support,14.44,353,95,1,Y,3,3,746
CUST-0581,Rahul,India,Meghalaya,male,2002-09-12,2023-12-12,Paid,2024-12-11,Standard,Monthly,2024-05-30,Lack of features,15.93,88,93,1,N,5,0,170
CUST-0582,Vikram,India,Telangana,male,1999-12-19,2021-09-23,Refferal,2022-09-23,Standard,Annual,2025-02-27,Lack of features,13.43,552,88,1,Y,2,2,1253
CUST-0583,Divya,India,Nagaland,male,1987-09-27,2023-06-02,Paid,2024-06-01,Standard,Monthly,,,13.2,530,20,0,N,5,1,1223
CUST-0584,Anita,India,Nagaland,male,1993-08-06,2021-07-23,Paid,2022-07-23,Basic,Monthly,,,9.33,582,43,0,N,5,0,1902
CUST-0585,Suresh,India,Uttar Pradesh,female,2003-09-04,2023-07-02,Refferal,2024-07-01,Basic,Monthly,2025-11-27,Lack of features,8.98,259,78,1,N,3,0,879
CUST-0586,Arjun,India,Uttar Pradesh,male,2000-04-26,2020-06-24,Paid,2021-06-24,Basic,Annual,2021-08-30,Service outages,7.67,108,90,1,N,4,0,432
CUST-0587,Meera,India,Karnataka,male,1995-06-01,2021-07-19,Paid,2022-07-19,Basic,Monthly,,,10.43,653,28,0,N,5,0,1906
CUST-0588,Manish,India,Karnataka,female,1987-10-19,2023-03-15,Paid,2024-03-14,Standard,Annual,,,18.95,810,16,0,N,4,1,1302
CUST-0589,Karan,India,Delhi,female,1976-06-25,2022-02-09,Paid,2023-02-09,Premium,Monthly,2025-02-19,Too expensive,23.95,870,80,1,N,4,0,1106
CUST-0590,Rohan,India,Delhi,male,1980-12-01,2023-11-09,Refferal,2024-11-08,Standard,Monthly,2026-02-14,Poor customer support,16.74,455,71,1,Y,2,2,828
CUST-0591,Riya,India,Maharashtra,male,1981-03-01,2020-09-18,Refferal,2021-09-18,Premium,Annual,,,29.62,2150,25,0,Y,1,4,2210
CUST-0592,Anita,India,Delhi,male,2000-04-23,2021-06-14,Refferal,2022-06-14,Basic,Monthly,2023-07-12,Too expensive,11.15,277,77,1,Y,1,2,758
CUST-0593,Manish,India,Rajasthan,female,1987-07-06,2023-10-26,Refferal,2024-10-25,Standard,Monthly,2024-08-19,Service outages,15.77,154,92,1,Y,1,4,298
CUST-0594,Priya,India,Uttar Pradesh,male,1982-07-07,2022-06-09,Paid,2023-06-09,Basic,Monthly,,,10.68,554,21,0,N,3,0,1581
CUST-0595,Manish,India,Rajasthan,female,1991-07-17,2023-05-05,Paid,2024-05-04,Basic,Monthly,2025-01-26,Switched to competitor,7.63,158,74,1,N,4,0,632
CUST-0596,Deepak,India,Meghalaya,female,1987-10-20,2022-08-05,Paid,2023-08-05,Basic,Monthly,,,9.55,478,11,0,N,4,0,1524
CUST-0597,Meera,India,Nagaland,female,1979-04-10,2021-08-07,Paid,2022-08-07,Standard,Monthly,,,14.66,908,43,0,N,4,0,1887
CUST-0598,Vikram,India,Delhi,male,1978-03-10,2022-03-25,Organic,2023-03-25,Premium,Monthly,,,21.6,1175,9,0,Y,1,4,1657
CUST-0599,Sanjay,India,Nagaland,male,1989-11-02,2024-06-08,Organic,2025-06-08,Basic,Monthly,2026-02-05,Poor customer support,9.12,181,80,1,Y,3,4,607
CUST-0600,Manish,India,Telangana,male,1982-06-15,2023-07-31,Paid,2024-07-30,Basic,Annual,,,7.65,292,37,0,N,5,1,1164
CUST-0601,Pooja,India,Maharashtra,male,2003-11-20,2020-10-28,Paid,2021-10-28,Premium,Annual,,,26.98,1923,41,0,N,5,1,2170
CUST-0602,Vikram,India,Telangana,female,1976-04-15,2023-03-01,Paid,2024-02-29,Basic,Monthly,2026-09-12,Poor customer support,9.27,393,70,1,N,3,0,1291
CUST-0603,Divya,India,Maharashtra,female,2001-04-22,2023-02-17,Paid,2024-02-17,Premium,Monthly,,,25.3,1103,26,0,N,5,0,1328
CUST-0604,Karan,India,Karnataka,female,1979-01-08,2023-03-05,Paid,2024-03-04,Standard,Monthly,2023-06-26,Switched to competitor,13.87,51,79,1,N,4,1,113
CUST-0605,Rohan,India,Nagaland,female,1996-09-12,2021-09-19,Refferal,2022-09-19,Premium,Monthly,,,21.39,1295,40,0,N,4,0,1844
CUST-0606,Deepak,India,Maharashtra,male,1977-03-19,2021-07-26,Organic,2022-07-26,Standard,Monthly,2024-12-02,Switched to competitor,16.49,663,88,1,Y,1,5,1225
CUST-0607,Amit,Nepal,Kathmandu,male,1997-11-24,2021-06-12,Refferal,2022-06-12,Standard,Monthly,2023-08-31,Too expensive,18.9,502,85,1,N,3,0,810
CUST-0608,Amit,India,Rajasthan,male,1993-05-25,2020-02-03,Paid,2021-02-02,Standard,Monthly,2025-03-01,Lack of features,13.57,826,82,1,Y,1,4,1853
CUST-0609,Sunita,India,Maharashtra,female,1988-11-21,2021-06-15,Paid,2022-06-15,Standard,Monthly,,,14.7,936,37,0,N,5,0,1940
CUST-0610,Arjun,India,Maharashtra,female,1996-12-08,2023-05-16,Refferal,2024-05-15,Standard,Monthly,,,18.21,741,41,0,N,3,0,1240
CUST-0611,Riya,India,Rajasthan,female,1979-07-04,2023-08-15,Organic,2024-08-14,Basic,Annual,,,7.35,277,4,0,N,5,0,1149
CUST-0612,Rahul,India,Nagaland,male,1997-08-02,2024-03-25,Organic,2025-03-25,Standard,Monthly,2025-10-24,Too expensive,18.25,346,83,1,Y,2,3,578
CUST-0613,Pooja,India,Nagaland,male,1978-02-03,2023-01-22,Organic,2024-01-22,Standard,Annual,,,16.14,717,30,0,Y,2,4,1354
CUST-0614,Riya,India,Rajasthan,female,1978-09-15,2023-12-08,Refferal,2024-12-07,Premium,Annual,,,24.07,817,7,0,N,5,0,1034
CUST-0615,Rajesh,India,Telangana,male,1977-02-06,2021-01-05,Refferal,2022-01-05,Standard,Monthly,,,14.85,1024,12,0,N,5,0,2101
CUST-0616,Sneha,Nepal,Kathmandu,female,1985-08-31,2021-02-12,Paid,2022-02-12,Standard,Monthly,,,14.77,1001,24,0,N,5,1,2063
CUST-0617,Vikram,India,Meghalaya,female,1999-04-19,2023-11-07,Refferal,2024-11-06,Basic,Monthly,,,8.52,298,39,0,N,5,0,1065
CUST-0618,Divya,Nepal,Kathmandu,female,1984-06-16,2024-01-04,Paid,2025-01-03,Standard,Monthly,2025-11-23,Switched to competitor,18.3,414,80,1,N,3,0,689
CUST-0619,Sanjay,India,Nagaland,male,2002-12-05,2024-01-10,Paid,2025-01-09,Standard,Monthly,,,17.33,569,22,0,N,4,0,1001
CUST-0620,Neha,India,Karnataka,male,1995-01-25,2021-09-08,Refferal,2022-09-08,Premium,Annual,,,26.69,1626,30,0,N,4,0,1855
CUST-0621,Pooja,India,Delhi,male,1979-11-26,2020-03-11,Paid,2021-03-11,Premium,Monthly,2021-11-05,Lack of features,27.98,555,97,1,N,5,1,604
CUST-0622,Rahul,India,Maharashtra,male,2001-06-22,2020-03-24,Paid,2021-03-24,Basic,Monthly,,,8.28,649,39,0,N,5,0,2388
CUST-0623,Sunita,India,Rajasthan,male,1977-06-04,2020-07-27,Paid,2021-07-27,Premium,Annual,2022-10-05,Lack of features,26.17,687,89,1,Y,1,5,800
CUST-0624,Ananya,India,Rajasthan,female,1996-03-05,2020-09-15,Paid,2021-09-15,Basic,Annual,2024-09-06,Lack of features,9.29,443,95,1,N,5,1,1452
CUST-0625,Karan,India,Maharashtra,female,1985-09-11,2023-06-16,Paid,2024-06-15,Basic,Monthly,2024-12-19,Poor customer support,10.9,197,86,1,N,4,0,552
CUST-0626,Karan,India,Delhi,male,1987-04-20,2023-08-18,Paid,2024-08-17,Standard,Annual,,,14.85,559,5,0,Y,2,4,1146
CUST-0627,Sneha,India,Meghalaya,male,2001-08-22,2023-06-09,Paid,2024-06-08,Basic,Monthly,2026-04-15,Switched to competitor,10.21,349,77,1,N,3,0,1041
CUST-0628,Suresh,India,Delhi,male,1980-09-04,2022-07-20,Paid,2023-07-20,Standard,Monthly,2023-12-17,Lack of features,18.28,309,79,1,N,3,0,515
CUST-0629,Neha,India,Delhi,male,1975-11-09,2020-10-08,Organic,2021-10-08,Basic,Monthly,,,9.0,647,6,0,N,4,0,2190
CUST-0630,Meera,India,Delhi,female,1992-03-01,2021-01-28,Paid,2022-01-28,Basic,Monthly,2022-07-10,Service outages,7.32,126,90,1,N,3,0,528
CUST-0631,Sanjay,India,Meghalaya,male,1989-07-23,2021-02-21,Paid,2022-02-21,Standard,Annual,2022-07-20,Too expensive,16.09,271,71,1,Y,1,4,514
CUST-0632,Aarav,India,Meghalaya,male,1977-03-21,2023-05-14,Refferal,2024-05-13,Standard,Monthly,,,15.07,614,5,0,N,5,0,1242
CUST-0633,Kavita,India,Nagaland,male,2003-07-20,2023-07-11,Organic,2024-07-10,Premium,Monthly,2024-02-17,Too expensive,26.71,193,79,1,Y,2,5,221
CUST-0634,Anita,India,Maharashtra,female,1993-09-24,2023-08-27,Refferal,2024-08-26,Standard,Monthly,2026-08-31,Service outages,18.7,675,97,1,N,5,0,1100
CUST-0635,Rajesh,India,Meghalaya,female,1980-07-25,2022-05-08,Paid,2023-05-08,Standard,Monthly,,,15.9,842,3,0,N,5,1,1613
CUST-0636,Vikram,India,Meghalaya,male,2001-07-22,2021-09-17,Refferal,2022-09-17,Basic,Monthly,2023-05-03,Too expensive,9.32,181,82,1,N,3,1,593
CUST-0637,Sanjay,India,Nagaland,male,2002-08-13,2023-01-07,Refferal,2024-01-07,Basic,Monthly,,,10.26,461,2,0,N,3,0,1369
CUST-0638,Priya,India,Rajasthan,female,1994-07-09,2023-09-27,Refferal,2024-09-26,Basic,Annual,2025-01-13,Too expensive,7.51,116,99,1,Y,2,5,474
CUST-0639,Priya,India,Nagaland,female,1982-05-29,2021-07-15,Refferal,2022-07-15,Standard,Monthly,,,14.51,910,35,0,N,5,1,1910
CUST-0640,Sneha,India,Telangana,male,1999-01-23,2022-04-11,Organic,2023-04-11,Standard,Monthly,,,18.5,996,28,0,N,4,0,1640
CUST-0641,Suresh,India,Telangana,female,1980-11-17,2023-01-23,Organic,2024-01-23,Standard,Monthly,,,17.01,756,37,0,N,3,0,1353
CUST-0642,Riya,India,Karnataka,female,1976-09-07,2022-07-29,Refferal,2023-07-29,Standard,Monthly,,,13.07,657,23,0,N,5,1,1531
CUST-0643,Kavita,India,Delhi,female,1977-08-05,2023-10-06,Paid,2024-10-05,Standard,Monthly,2024-07-24,Service outages,14.22,136,80,1,N,4,0,292
CUST-0644,Vikram,India,Maharashtra,female,1990-07-18,2020-03-02,Refferal,2021-03-02,Basic,Annual,2021-10-20,Service outages,10.4,203,92,1,N,4,0,597
CUST-0645,Pooja,India,Uttar Pradesh,female,1987-09-26,2023-03-11,Organic,2024-03-10,Basic,Annual,,,10.81,463,35,0,N,4,0,1306
CUST-0646,Suresh,Nepal,Kathmandu,male,1996-07-15,2022-01-03,Paid,2023-01-03,Premium,Monthly,,,28.39,1620,41,0,N,4,1,1738
CUST-0647,Vikram,India,Nagaland,female,1980-07-06,2023-02-08,Organic,2024-02-08,Standard,Monthly,,,14.74,647,39,0,N,4,0,1337
CUST-0648,Rohan,India,Rajasthan,female,1985-02-14,2024-06-27,Paid,2025-06-27,Premium,Annual,,,29.3,800,32,0,Y,1,2,832
CUST-0649,Sanjay,Nepal,Kathmandu,female,1976-05-05,2024-03-30,Paid,2025-03-30,Basic,Monthly,,,9.75,294,2,0,N,4,0,921
CUST-0650,Sanjay,India,Rajasthan,male,1986-11-29,2022-02-20,Organic,2023-02-20,Premium,Monthly,2022-07-26,Service outages,26.96,138,84,1,Y,2,4,156
CUST-0651,Sunita,Nepal,Kathmandu,female,1981-08-25,2023-03-26,Paid,2024-03-25,Basic,Monthly,2023-05-02,Lack of features,9.97,12,81,1,N,4,0,37
CUST-0652,Anita,India,Nagaland,female,1988-08-27,2021-06-22,Paid,2022-06-22,Basic,Annual,,,7.6,482,16,0,N,3,0,1933
CUST-0653,Neha,India,Uttar Pradesh,male,1998-11-29,2021-08-19,Paid,2022-08-19,Premium,Monthly,,,29.62,1824,16,0,Y,3,2,1875
CUST-0654,Rahul,Nepal,Kathmandu,female,2000-12-14,2020-01-09,Paid,2021-01-08,Basic,Annual,,,7.6,614,3,0,N,5,0,2463
CUST-0655,Vikram,India,Nagaland,female,2001-11-25,2020-10-02,Paid,2021-10-02,Standard,Annual,2023-01-24,Switched to competitor,14.52,402,97,1,Y,1,5,844
CUST-0656,Aarav,India,Meghalaya,female,1988-06-21,2020-08-14,Paid,2021-08-14,Basic,Monthly,2021-09-05,Lack of features,11.06,140,98,1,N,4,0,387
CUST-0657,Rohan,India,Uttar Pradesh,male,1983-01-05,2020-07-04,Paid,2021-07-04,Standard,Annual,,,16.7,1254,20,0,N,4,1,2286
CUST-0658,Sanjay,India,Rajasthan,male,2001-02-17,2021-08-13,Organic,2022-08-13,Premium,Annual,,,28.37,1753,36,0,N,4,1,1881
CUST-0659,Rajesh,India,Telangana,female,1994-12-09,2023-05-24,Organic,2024-05-23,Basic,Monthly,,,9.57,387,33,0,N,5,1,1232
CUST-0660,Swati,India,Delhi,male,1986-12-25,2021-03-08,Paid,2022-03-08,Standard,Monthly,,,15.25,1021,22,0,N,3,0,2039
CUST-0661,Aarav,India,Telangana,female,2000-12-25,2021-07-22,Refferal,2022-07-22,Basic,Monthly,,,11.6,725,8,0,N,3,0,1903
CUST-0662,Sneha,India,Uttar Pradesh,male,1988-04-30,2021-10-17,Paid,2022-10-17,Standard,Monthly,2023-04-06,Switched to competitor,13.21,232,93,1,Y,3,5,536
CUST-0663,Manish,India,Rajasthan,male,1994-02-16,2020-12-21,Paid,2021-12-21,Basic,Monthly,2026-05-06,Lack of features,11.27,726,84,1,N,5,0,1962
CUST-0664,Sneha,Nepal,Kathmandu,male,1993-10-15,2022-04-22,Paid,2023-04-22,Basic,Monthly,,,8.14,435,24,0,N,5,0,1629
CUST-0665,Riya,India,Rajasthan,female,1987-02-10,2021-01-26,Organic,2022-01-26,Basic,Monthly,2024-10-25,Poor customer support,11.23,504,90,1,N,5,1,1368
CUST-0666,Sanjay,Nepal,Kathmandu,male,2003-08-12,2021-08-01,Organic,2022-08-01,Basic,Annual,2023-03-26,Service outages,7.69,152,95,1,N,4,0,602
CUST-0667,Sanjay,India,Nagaland,male,1993-10-23,2023-07-22,Paid,2024-07-21,Premium,Monthly,,,25.79,993,37,0,N,5,1,1173
CUST-0668,Arjun,India,Uttar Pradesh,male,1997-05-04,2024-02-26,Paid,2025-02-25,Basic,Monthly,,,11.43,358,20,0,N,3,1,954
CUST-0669,Manish,India,Nagaland,male,1980-09-04,2024-06-28,Paid,2025-06-28,Basic,Monthly,2026-07-03,Switched to competitor,9.36,226,81,1,N,3,0,735
CUST-0670,Meera,India,Karnataka,female,1991-11-23,2024-01-14,Refferal,2025-01-13,Standard,Monthly,,,17.47,572,20,0,N,3,1,997
CUST-0671,Kavita,Nepal,Kathmandu,female,1976-12-02,2021-02-23,Refferal,2022-02-23,Basic,Monthly,2026-01-10,Too expensive,11.01,644,89,1,N,4,0,1782
CUST-0672,Manish,India,Meghalaya,male,2002-09-07,2020-06-12,Paid,2021-06-12,Standard,Monthly,,,17.41,1320,4,0,N,5,1,2308
CUST-0673,Amit,India,Nagaland,female,1997-03-19,2022-02-17,Refferal,2023-02-17,Premium,Monthly,,,29.24,1626,30,0,N,5,0,1693
CUST-0674,Karan,India,Karnataka,male,1993-09-08,2024-05-05,Paid,2025-05-05,Standard,Annual,2024-11-13,Poor customer support,15.67,98,91,1,Y,1,2,192
CUST-0675,Priya,India,Maharashtra,female,1996-07-16,2021-09-29,Organic,2022-09-29,Premium,Annual,,,21.72,1308,15,0,N,5,1,1834
CUST-0676,Rohan,India,Telangana,female,1986-09-04,2024-06-03,Refferal,2025-06-03,Standard,Monthly,2026-07-16,Lack of features,13.28,337,75,1,Y,1,5,773
CUST-0677,Suresh,India,Rajasthan,female,1996-10-25,2023-04-21,Paid,2024-04-20,Basic,Annual,2024-03-17,Poor customer support,8.22,89,74,1,Y,2,2,331
CUST-0678,Anita,India,Karnataka,male,1997-04-21,2023-08-26,Refferal,2024-08-25,Standard,Annual,,,13.85,517,28,0,N,4,0,1138
CUST-0679,Sunita,India,Uttar Pradesh,female,1996-04-16,2020-01-17,Organic,2021-01-16,Standard,Monthly,2022-06-06,Service outages,16.34,467,80,1,Y,1,4,871
CUST-0680,Arjun,India,Nagaland,male,1998-06-07,2021-03-21,Paid,2022-03-21,Standard,Annual,,,14.1,938,14,0,N,4,1,2026
CUST-0681,Rahul,India,Uttar Pradesh,female,1998-11-15,2020-06-18,Paid,2021-06-18,Premium,Annual,,,20.38,1541,11,0,N,5,0,2302
CUST-0682,Rajesh,India,Telangana,male,1988-05-18,2023-07-27,Organic,2024-07-26,Standard,Monthly,2025-01-14,Switched to competitor,13.21,233,78,1,N,3,0,537
CUST-0683,Divya,India,Meghalaya,female,1985-10-10,2020-12-05,Paid,2021-12-05,Premium,Monthly,,,28.31,1982,24,0,N,5,0,2132
CUST-0684,Arjun,India,Uttar Pradesh,female,1987-08-25,2021-12-26,Paid,2022-12-26,Premium,Monthly,2023-12-23,Too expensive,25.9,618,79,1,N,5,1,727
CUST-0685,Aarav,Nepal,Kathmandu,female,1989-03-19,2024-03-22,Paid,2025-03-22,Standard,Monthly,2025-07-06,Service outages,15.14,234,75,1,N,4,0,471
CUST-0686,Manish,India,Meghalaya,male,2003-04-29,2022-10-31,Organic,2023-10-31,Standard,Annual,2025-05-19,Poor customer support,18.36,561,80,1,N,4,0,931
CUST-0687,Kavita,India,Meghalaya,female,1993-10-28,2024-03-27,Refferal,2025-03-27,Basic,Monthly,2026-03-12,Poor customer support,7.34,172,78,1,Y,1,4,715
CUST-0688,Kavita,India,Karnataka,male,2002-08-27,2020-05-12,Organic,2021-05-12,Premium,Annual,,,29.79,2289,37,0,N,3,1,2339
CUST-0689,Rohan,India,Meghalaya,female,1996-07-05,2022-06-19,Refferal,2023-06-19,Standard,Annual,,,16.69,861,42,0,N,3,1,1571
CUST-0690,Meera,India,Delhi,male,1989-10-15,2021-10-01,Paid,2022-10-01,Basic,Annual,2024-06-29,Too expensive,7.91,260,89,1,Y,1,4,1002
CUST-0691,Deepak,India,Telangana,male,1983-04-11,2023-03-17,Refferal,2024-03-16,Basic,Annual,,,10.39,443,14,0,N,5,1,1300
CUST-0692,Amit,India,Meghalaya,female,1990-09-17,2024-05-08,Refferal,2025-05-08,Standard,Monthly,,,17.57,509,38,0,N,4,0,882
CUST-0693,Riya,India,Uttar Pradesh,male,1991-05-21,2022-04-02,Paid,2023-04-02,Basic,Monthly,2025-11-22,Lack of features,9.14,399,73,1,Y,2,5,1330
CUST-0694,Pooja,India,Maharashtra,male,1979-11-06,2022-08-11,Paid,2023-08-11,Basic,Annual,2025-08-03,Lack of features,11.3,403,93,1,Y,1,2,1088
CUST-0695,Meera,India,Delhi,male,2002-04-18,2020-03-19,Paid,2021-03-19,Standard,Monthly,2023-04-14,Service outages,13.89,511,92,1,Y,3,3,1121
CUST-0696,Neha,India,Delhi,male,1999-08-12,2020-12-11,Refferal,2021-12-11,Basic,Monthly,,,8.38,585,10,0,N,4,0,2126
CUST-0697,Sneha,Nepal,Kathmandu,female,1983-10-21,2021-08-31,Organic,2022-08-31,Standard,Annual,,,13.55,829,43,0,N,5,0,1863
CUST-0698,Riya,India,Meghalaya,female,1993-04-30,2023-06-26,Refferal,2024-06-25,Basic,Annual,2025-05-21,Service outages,8.04,183,85,1,N,3,0,695
CUST-0699,Swati,Nepal,Kathmandu,male,1983-02-24,2021-09-30,Organic,2022-09-30,Basic,Monthly,2026-07-03,Lack of features,8.18,466,76,1,Y,3,2,1737
CUST-0700,Manish,Nepal,Kathmandu,male,1985-03-26,2024-04-14,Paid,2025-04-14,Standard,Annual,,,18.5,550,32,0,N,5,1,906
CUST-0701,Neha,India,Maharashtra,male,2002-02-11,2022-11-13,Organic,2023-11-13,Standard,Annual,,,13.46,629,18,0,N,5,1,1424
CUST-0702,Priya,India,Karnataka,male,1977-01-22,2024-02-03,Organic,2025-02-02,Basic,Monthly,,,9.13,293,25,0,N,5,1,977
CUST-0703,Neha,India,Meghalaya,female,1978-10-24,2023-05-09,Paid,2024-05-08,Basic,Monthly,2024-01-12,Poor customer support,9.65,78,76,1,N,5,1,248
CUST-0704,Sunita,India,Nagaland,female,1993-08-03,2020-05-10,Organic,2021-05-10,Standard,Annual,,,18.38,1413,18,0,N,5,0,2341
CUST-0705,Karan,Nepal,Kathmandu,male,1976-11-08,2020-12-21,Paid,2021-12-21,Basic,Monthly,,,11.98,832,18,0,N,5,0,2116
CUST-0706,Rahul,India,Telangana,male,1975-04-16,2022-08-01,Organic,2023-08-01,Basic,Monthly,2023-07-03,Service outages,10.76,118,72,1,N,4,0,336
CUST-0707,Priya,India,Rajasthan,male,1988-01-06,2020-05-29,Organic,2021-05-29,Basic,Monthly,2021-02-13,Switched to competitor,11.84,101,70,1,Y,3,5,260
CUST-0708,Kavita,India,Telangana,female,1980-04-30,2024-03-29,Refferal,2025-03-29,Premium,Annual,,,27.86,843,33,0,N,4,0,922
CUST-0709,Rajesh,India,Maharashtra,female,1990-03-07,2023-08-20,Refferal,2024-08-19,Premium,Monthly,2025-03-30,Switched to competitor,29.62,572,76,1,N,4,0,588
CUST-0710,Rahul,India,Maharashtra,male,1977-12-31,2024-04-13,Paid,2025-04-13,Premium,Monthly,2025-12-27,Lack of features,27.06,553,79,1,N,4,0,623
CUST-0711,Aarav,India,Uttar Pradesh,male,1994-02-15,2020-02-19,Refferal,2021-02-18,Standard,Monthly,2021-09-23,Service outages,13.47,257,81,1,N,4,0,582
CUST-0712,Manish,India,Karnataka,female,1979-11-18,2021-04-08,Paid,2022-04-08,Standard,Annual,,,15.4,1015,8,0,N,5,0,2008
CUST-0713,Anita,Nepal,Kathmandu,female,1987-06-08,2023-06-17,Refferal,2024-06-16,Standard,Monthly,,,16.87,669,32,0,N,3,0,1208
CUST-0714,Sanjay,India,Telangana,male,1983-12-02,2024-02-14,Refferal,2025-02-13,Standard,Monthly,,,15.09,478,23,0,N,5,0,966
CUST-0715,Meera,India,Rajasthan,male,1992-01-05,2021-03-30,Organic,2022-03-30,Basic,Annual,,,8.36,553,17,0,N,5,0,2017
CUST-0716,Sanjay,India,Maharashtra,male,2002-11-24,2023-07-30,Paid,2024-07-29,Standard,Monthly,2026-02-20,Poor customer support,16.45,505,83,1,Y,1,4,936
CUST-0717,Divya,India,Maharashtra,female,1988-05-01,2020-11-30,Organic,2021-11-30,Premium,Annual,2022-08-09,Poor customer support,29.33,594,86,1,N,4,0,617
CUST-0718,Rohan,India,Karnataka,male,1979-04-11,2023-10-07,Organic,2024-10-06,Standard,Annual,,,13.2,475,25,0,N,4,0,1096
CUST-0719,Sneha,India,Rajasthan,male,1985-12-20,2021-10-29,Refferal,2022-10-29,Basic,Annual,,,10.84,642,21,0,N,4,0,1804
CUST-0720,Sunita,India,Rajasthan,female,2002-01-06,2020-11-22,Paid,2021-11-22,Basic,Monthly,2026-05-04,Poor customer support,10.6,692,92,1,Y,2,5,1989
CUST-0721,Suresh,India,Karnataka,male,2000-07-02,2022-10-12,Paid,2023-10-12,Standard,Annual,,,18.77,897,6,0,Y,2,5,1456
CUST-0722,Karan,India,Maharashtra,female,1985-11-25,2020-12-01,Paid,2021-12-01,Standard,Annual,2021-03-31,Poor customer support,18.57,73,89,1,Y,1,5,120
CUST-0723,Arjun,India,Meghalaya,male,2000-12-28,2021-10-27,Refferal,2022-10-27,Premium,Annual,2022-12-14,Switched to competitor,27.61,374,86,1,Y,2,4,413
CUST-0724,Ananya,India,Meghalaya,male,1990-07-23,2022-09-21,Refferal,2023-09-21,Basic,Monthly,2026-09-30,Lack of features,9.59,463,89,1,Y,2,3,1470
CUST-0725,Pooja,India,Karnataka,female,1990-10-31,2020-03-21,Organic,2021-03-21,Premium,Annual,2022-07-26,Service outages,22.03,620,95,1,N,4,1,857
CUST-0726,Swati,India,Rajasthan,male,1977-08-01,2020-03-27,Paid,2021-03-27,Standard,Monthly,,,16.26,1273,26,0,Y,1,3,2385
CUST-0727,Sunita,Nepal,Kathmandu,female,1987-06-17,2020-09-14,Paid,2021-09-14,Premium,Monthly,2021-09-29,Lack of features,27.64,345,77,1,N,5,0,380
CUST-0728,Sanjay,India,Karnataka,female,2000-01-07,2022-09-17,Refferal,2023-09-17,Standard,Monthly,,,18.36,893,44,0,N,4,0,1481
CUST-0729,Karan,India,Karnataka,male,1976-08-23,2020-07-03,Organic,2021-07-03,Standard,Annual,2024-05-01,Lack of features,17.73,814,96,1,Y,2,3,1398
CUST-0730,Deepak,India,Delhi,female,1992-06-16,2021-11-28,Organic,2022-11-28,Standard,Monthly,,,14.16,825,29,0,N,5,1,1774
CUST-0731,Swati,India,Telangana,male,2001-04-23,2020-05-02,Organic,2021-05-02,Standard,Monthly,,,16.59,1280,17,0,N,5,0,2349
CUST-0732,Aarav,India,Rajasthan,female,1979-03-05,2023-01-24,Paid,2024-01-24,Premium,Annual,,,23.31,1035,18,0,N,5,1,1352
CUST-0733,Kavita,India,Uttar Pradesh,male,1985-04-24,2021-08-27,Refferal,2022-08-27,Basic,Monthly,2026-06-21,Service outages,7.04,406,77,1,Y,1,5,1759
CUST-0734,Aarav,India,Uttar Pradesh,female,1975-09-08,2021-05-29,Organic,2022-05-29,Basic,Annual,2026-01-11,Too expensive,7.99,443,87,1,Y,3,5,1688
CUST-0735,Sunita,India,Rajasthan,male,2001-08-28,2022-06-22,Paid,2023-06-22,Premium,Monthly,,,21.12,1087,11,0,N,4,0,1568
CUST-0736,Arjun,India,Delhi,male,1975-03-20,2024-01-06,Paid,2025-01-05,Standard,Monthly,2025-07-29,Lack of features,18.05,337,82,1,Y,1,5,570
CUST-0737,Rajesh,India,Delhi,female,1983-07-21,2024-03-17,Paid,2025-03-17,Standard,Annual,,,14.54,446,12,0,N,5,0,934
CUST-0738,Amit,India,Maharashtra,female,1999-11-20,2023-10-26,Paid,2024-10-25,Standard,Annual,,,14.7,520,15,0,Y,1,3,1077
CUST-0739,Manish,India,Telangana,male,1994-05-05,2020-10-31,Refferal,2021-10-31,Basic,Monthly,2022-12-26,Poor customer support,11.79,304,95,1,N,5,0,786
CUST-0740,Kavita,India,Meghalaya,male,1998-01-17,2023-10-12,Paid,2024-10-11,Premium,Annual,2025-03-07,Service outages,23.78,399,94,1,Y,2,2,512
CUST-0741,Rajesh,India,Nagaland,female,1978-04-24,2023-03-17,Paid,2024-03-16,Standard,Monthly,2023-05-30,Service outages,13.05,31,72,1,N,4,0,74
CUST-0742,Sanjay,India,Nagaland,female,1989-02-09,2023-08-01,Paid,2024-07-31,Basic,Monthly,2026-05-30,Switched to competitor,8.41,285,72,1,Y,2,5,1033
CUST-0743,Aarav,India,Nagaland,male,1988-05-30,2021-10-18,Refferal,2022-10-18,Basic,Monthly,2022-10-23,Too expensive,7.59,92,75,1,N,5,0,370
CUST-0744,Ananya,India,Rajasthan,male,1980-12-18,2020-09-18,Paid,2021-09-18,Premium,Monthly,2026-01-20,Service outages,21.02,1346,72,1,Y,1,3,1950
CUST-0745,Rahul,India,Uttar Pradesh,male,1995-11-02,2024-05-16,Refferal,2025-05-16,Basic,Monthly,,,7.38,211,9,0,N,4,0,874
CUST-0746,Rohan,India,Uttar Pradesh,female,1999-05-10,2021-05-05,Paid,2022-05-05,Premium,Monthly,2021-11-23,Too expensive,25.92,172,80,1,N,5,0,202
CUST-0747,Aarav,India,Meghalaya,male,1981-12-19,2022-01-07,Paid,2023-01-07,Basic,Monthly,,,7.94,452,40,0,N,5,1,1734
CUST-0748,Manish,India,Rajasthan,male,1990-02-13,2022-11-20,Paid,2023-11-20,Standard,Monthly,2024-09-21,Lack of features,15.16,334,73,1,Y,2,2,671
CUST-0749,Meera,India,Nagaland,female,1981-06-28,2021-12-02,Paid,2022-12-02,Premium,Monthly,,,28.61,1663,20,0,N,5,0,1770
CUST-0750,Deepak,Nepal,Kathmandu,male,1983-12-26,2022-06-05,Paid,2023-06-05,Standard,Monthly,2024-09-12,Switched to competitor,15.54,423,84,1,Y,1,5,830
CUST-0751,Sneha,India,Uttar Pradesh,male,1987-11-24,2023-07-15,Paid,2024-07-14,Standard,Annual,,,18.48,716,29,0,N,5,0,1180
CUST-0752,Rajesh,India,Maharashtra,male,1975-11-25,2020-01-12,Organic,2021-01-11,Standard,Annual,2021-06-02,Lack of features,15.98,266,74,1,Y,2,4,507
CUST-0753,Karan,India,Karnataka,male,1990-04-11,2023-04-29,Refferal,2024-04-28,Basic,Monthly,2025-09-13,Switched to competitor,8.98,256,76,1,N,4,0,868
CUST-0754,Karan,Nepal,Kathmandu,male,1986-07-30,2023-11-24,Paid,2024-11-23,Basic,Annual,2025-03-23,Lack of features,10.74,171,77,1,Y,3,2,485
CUST-0755,Sneha,India,Uttar Pradesh,female,1993-08-08,2024-04-09,Paid,2025-04-09,Premium,Annual,2026-03-17,Lack of features,20.72,481,76,1,Y,1,4,707
CUST-0756,Rohan,India,Delhi,male,1975-05-01,2020-03-31,Organic,2021-03-31,Premium,Monthly,2021-03-31,Too expensive,20.88,250,77,1,N,4,0,365
CUST-0757,Manish,India,Uttar Pradesh,female,1993-06-24,2021-08-22,Refferal,2022-08-22,Standard,Monthly,2022-03-27,Lack of features,16.9,120,73,1,N,4,0,217
CUST-0758,Deepak,India,Maharashtra,female,1977-08-22,2024-03-04,Paid,2025-03-04,Basic,Annual,,,9.42,293,33,0,N,4,0,947
CUST-0759,Karan,India,Nagaland,female,1986-07-26,2020-10-27,Refferal,2021-10-27,Basic,Monthly,,,10.94,780,37,0,N,4,0,2171
CUST-0760,Manish,India,Delhi,male,1985-01-23,2023-02-08,Refferal,2024-02-08,Basic,Annual,,,11.57,508,32,0,N,4,1,1337
CUST-0761,Karan,India,Rajasthan,male,1990-08-04,2020-03-20,Refferal,2021-03-20,Standard,Annual,,,15.32,1203,43,0,N,5,1,2392
CUST-0762,Pooja,India,Telangana,male,1980-09-07,2022-04-15,Paid,2023-04-15,Premium,Annual,2023-05-18,Service outages,25.95,339,73,1,Y,1,5,398
CUST-0763,Pooja,India,Nagaland,male,1993-10-18,2021-10-13,Paid,2022-10-13,Standard,Annual,,,15.99,956,34,0,Y,2,2,1820
CUST-0764,Suresh,India,Telangana,male,1990-06-14,2021-03-08,Paid,2022-03-08,Premium,Monthly,,,29.81,1996,25,0,N,5,0,2039
CUST-0765,Rajesh,Nepal,Kathmandu,female,1998-05-04,2021-02-20,Organic,2022-02-20,Basic,Monthly,2022-07-31,Poor customer support,11.15,192,81,1,N,5,1,526
CUST-0766,Manish,India,Karnataka,male,1989-05-16,2023-05-22,Refferal,2024-05-21,Basic,Annual,,,11.55,468,32,0,N,3,0,1234
CUST-0767,Divya,India,Delhi,male,1978-08-09,2024-01-10,Paid,2025-01-09,Basic,Monthly,,,8.26,271,2,0,N,3,0,1001
CUST-0768,Rahul,India,Meghalaya,male,1978-04-11,2020-01-18,Organic,2021-01-17,Standard,Annual,,,17.63,1421,9,0,N,3,1,2454
CUST-0769,Divya,India,Delhi,female,1983-09-06,2022-12-13,Organic,2023-12-13,Basic,Annual,,,8.32,381,38,0,N,3,0,1394
CUST-0770,Aarav,India,Uttar Pradesh,male,2001-05-05,2024-06-20,Organic,2025-06-20,Premium,Annual,,,22.08,608,29,0,N,3,1,839
CUST-0771,Suresh,India,Uttar Pradesh,female,1975-12-22,2022-01-15,Organic,2023-01-15,Basic,Monthly,2022-09-30,Service outages,11.71,99,75,1,Y,2,4,258
CUST-0772,Sanjay,India,Uttar Pradesh,male,2001-08-10,2020-08-27,Organic,2021-08-27,Premium,Monthly,2023-06-07,Lack of features,20.18,672,87,1,N,5,0,1014
CUST-0773,Sanjay,Nepal,Kathmandu,female,1975-01-29,2022-04-25,Paid,2023-04-25,Standard,Monthly,2023-11-07,Poor customer support,18.78,346,91,1,N,5,0,561
CUST-0774,Priya,India,Nagaland,female,1977-10-10,2021-02-21,Organic,2022-02-21,Premium,Monthly,2022-10-05,Switched to competitor,21.48,417,72,1,N,4,0,591
CUST-0775,Aarav,India,Meghalaya,male,1999-09-11,2022-05-05,Organic,2023-05-05,Standard,Annual,,,17.91,950,15,0,N,5,1,1616
CUST-0776,Rajesh,India,Meghalaya,male,1980-07-17,2024-02-18,Paid,2025-02-17,Premium,Annual,,,22.75,718,7,0,N,4,0,962
CUST-0777,Neha,India,Uttar Pradesh,male,1998-03-31,2024-01-07,Paid,2025-01-06,Basic,Annual,2024-02-20,Too expensive,8.74,12,82,1,Y,1,2,44
CUST-0778,Ananya,India,Telangana,male,1990-12-27,2024-05-08,Organic,2025-05-08,Standard,Monthly,,,14.29,414,42,0,Y,1,4,882
CUST-0779,Neha,Nepal,Kathmandu,female,2002-07-15,2021-08-21,Paid,2022-08-21,Premium,Monthly,,,25.85,1590,36,0,N,5,1,1873
CUST-0780,Vikram,India,Uttar Pradesh,female,1990-11-09,2023-02-20,Organic,2024-02-20,Basic,Annual,,,8.73,380,16,0,N,4,1,1325
CUST-0781,Ananya,India,Karnataka,female,2003-03-18,2021-02-23,Paid,2022-02-23,Basic,Monthly,,,10.28,692,41,0,N,5,0,2052
CUST-0782,Kavita,India,Nagaland,female,1977-01-24,2024-05-08,Paid,2025-05-08,Standard,Monthly,,,13.08,378,21,0,N,4,1,882
CUST-0783,Kavita,India,Rajasthan,male,1999-07-15,2020-08-03,Paid,2021-08-03,Premium,Annual,2025-04-03,Too expensive,20.63,1154,97,1,Y,2,5,1704
CUST-0784,Rohan,India,Karnataka,male,1985-03-24,2023-12-14,Paid,2024-12-13,Standard,Annual,2025-05-22,Too expensive,13.59,234,79,1,N,4,1,525
CUST-0785,Sunita,India,Telangana,female,1978-05-23,2021-12-09,Refferal,2022-12-09,Standard,Monthly,2024-08-12,Too expensive,15.5,497,88,1,Y,2,5,977
CUST-0786,Riya,India,Delhi,male,2003-06-28,2021-07-04,Refferal,2022-07-04,Basic,Annual,,,11.06,697,17,0,N,4,0,1921
CUST-0787,Aarav,India,Delhi,female,1980-03-21,2022-08-23,Paid,2023-08-23,Basic,Monthly,,,11.43,565,1,0,N,3,0,1506
CUST-0788,Kavita,India,Karnataka,male,1995-04-05,2023-06-05,Paid,2024-06-04,Premium,Annual,,,22.44,899,13,0,N,4,0,1220
CUST-0789,Riya,India,Uttar Pradesh,male,1996-10-18,2023-06-14,Paid,2024-06-13,Basic,Monthly,2025-06-07,Poor customer support,9.86,234,73,1,N,5,0,724
CUST-0790,Karan,India,Rajasthan,female,2001-09-17,2023-09-15,Paid,2024-09-14,Standard,Monthly,,,17.6,646,42,0,N,3,0,1118
CUST-0791,Rajesh,India,Maharashtra,male,2000-10-06,2022-04-12,Refferal,2023-04-12,Premium,Annual,2026-03-24,Service outages,22.88,1083,89,1,N,4,0,1442
CUST-0792,Meera,India,Maharashtra,female,1987-08-07,2024-02-01,Paid,2025-01-31,Basic,Monthly,,,9.04,290,41,0,N,3,1,979
CUST-0793,Arjun,India,Telangana,female,2001-02-22,2021-11-10,Paid,2022-11-10,Standard,Annual,,,16.13,949,40,0,N,3,1,1792
CUST-0794,Deepak,India,Uttar Pradesh,female,1978-12-31,2021-05-01,Paid,2022-05-01,Basic,Annual,,,7.66,499,6,0,N,4,0,1985
CUST-0795,Arjun,India,Meghalaya,female,1995-12-31,2024-04-21,Paid,2025-04-21,Standard,Annual,2026-07-07,Poor customer support,13.15,348,92,1,N,3,1,807
CUST-0796,Karan,India,Meghalaya,female,1978-11-17,2024-05-21,Paid,2025-05-21,Basic,Annual,2026-09-10,Lack of features,7.75,214,79,1,N,3,0,842
CUST-0797,Manish,India,Nagaland,female,1996-04-06,2021-09-14,Paid,2022-09-14,Standard,Monthly,,,16.75,1017,24,0,N,4,1,1849
CUST-0798,Divya,India,Rajasthan,male,1978-11-29,2023-12-09,Organic,2024-12-08,Basic,Annual,,,7.36,249,5,0,N,5,0,1033
CUST-0799,Ananya,India,Rajasthan,male,1986-12-27,2020-08-06,Organic,2021-08-06,Standard,Monthly,,,14.13,1045,32,0,N,4,1,2253
CUST-0800,Amit,India,Delhi,female,1995-08-13,2021-12-21,Organic,2022-12-21,Standard,Monthly,,,15.02,863,17,0,N,5,0,1751
CUST-0801,Suresh,Nepal,Kathmandu,male,1987-04-02,2021-01-15,Paid,2022-01-15,Basic,Annual,2025-09-04,Poor customer support,7.38,410,80,1,N,5,0,1693
CUST-0802,Vikram,India,Telangana,male,1983-05-30,2020-03-27,Paid,2021-03-27,Standard,Monthly,2026-01-04,Lack of features,14.14,979,96,1,N,3,0,2109
CUST-0803,Sneha,India,Maharashtra,male,1976-07-09,2024-01-24,Refferal,2025-01-23,Basic,Monthly,2026-06-07,Too expensive,11.55,328,73,1,N,5,0,865
CUST-0804,Ananya,India,Telangana,female,1998-05-27,2022-03-25,Refferal,2023-03-25,Standard,Monthly,,,13.11,713,23,0,N,3,0,1657
CUST-0805,Sneha,India,Meghalaya,female,1979-04-13,2021-02-14,Organic,2022-02-14,Basic,Annual,2023-08-31,Poor customer support,10.26,312,92,1,N,4,0,928
CUST-0806,Sunita,India,Meghalaya,male,1977-11-06,2021-11-21,Paid,2022-11-21,Standard,Annual,2026-04-23,Switched to competitor,15.3,811,86,1,Y,1,2,1614
CUST-0807,Ananya,India,Karnataka,female,1982-05-10,2022-10-09,Paid,2023-10-09,Basic,Monthly,2023-06-19,Too expensive,10.35,86,94,1,Y,2,5,253
CUST-0808,Sunita,India,Nagaland,female,1981-12-28,2021-06-08,Refferal,2022-06-08,Standard,Monthly,2025-09-28,Poor customer support,16.52,853,71,1,N,4,0,1573
CUST-0809,Arjun,India,Rajasthan,female,1979-11-15,2021-03-22,Organic,2022-03-22,Basic,Annual,,,8.11,539,21,0,N,5,0,2025
CUST-0810,Suresh,India,Telangana,female,1975-03-17,2020-10-26,Organic,2021-10-26,Standard,Monthly,2025-06-16,Lack of features,18.07,1005,91,1,N,4,1,1694
CUST-0811,Ananya,India,Meghalaya,female,1986-11-05,2021-02-11,Refferal,2022-02-11,Basic,Monthly,,,9.45,640,1,0,N,4,0,2064
CUST-0812,Anita,Nepal,Kathmandu,male,1990-12-23,2021-01-09,Organic,2022-01-09,Premium,Monthly,2025-01-25,Service outages,28.22,1369,99,1,N,4,1,1477
CUST-0813,Sneha,India,Delhi,female,1988-11-05,2020-08-20,Refferal,2021-08-20,Premium,Monthly,2026-01-22,Service outages,24.05,1565,97,1,Y,2,4,1981
CUST-0814,Aarav,India,Maharashtra,male,1981-06-07,2021-09-29,Organic,2022-09-29,Basic,Monthly,2022-09-22,Switched to competitor,11.91,140,87,1,N,5,0,358
CUST-0815,Swati,India,Nagaland,female,1982-08-05,2021-10-11,Organic,2022-10-11,Standard,Annual,,,17.61,1054,7,0,N,3,0,1822
CUST-0816,Arjun,Nepal,Kathmandu,female,1981-03-12,2022-08-18,Organic,2023-08-18,Basic,Monthly,2026-07-28,Service outages,11.82,559,91,1,N,4,0,1440
CUST-0817,Deepak,India,Nagaland,male,1983-11-04,2022-12-08,Paid,2023-12-08,Basic,Annual,2025-12-03,Too expensive,9.56,342,75,1,N,4,0,1091
CUST-0818,Pooja,India,Karnataka,male,2003-03-23,2020-07-04,Paid,2021-07-04,Standard,Annual,,,15.83,1188,6,0,N,5,0,2286
CUST-0819,Suresh,India,Meghalaya,female,1976-01-28,2023-05-13,Refferal,2024-05-12,Standard,Annual,,,17.52,715,14,0,Y,3,3,1243
CUST-0820,Rajesh,India,Delhi,male,1978-01-13,2020-03-18,Paid,2021-03-18,Standard,Monthly,,,18.27,1436,30,0,Y,1,4,2394
CUST-0821,Karan,Nepal,Kathmandu,female,1986-12-11,2024-02-13,Organic,2025-02-12,Basic,Monthly,,,11.81,375,44,0,N,4,0,967
CUST-0822,Priya,India,Nagaland,male,1989-03-16,2023-11-10,Paid,2024-11-09,Basic,Monthly,2024-04-05,Lack of features,8.61,41,83,1,N,5,0,147
CUST-0823,Pooja,India,Rajasthan,male,1999-02-06,2020-07-12,Paid,2021-07-12,Basic,Annual,,,10.98,821,14,0,N,4,1,2278
CUST-0824,Swati,India,Karnataka,female,1988-11-05,2023-01-31,Refferal,2024-01-31,Standard,Monthly,,,14.25,629,44,0,N,4,0,1345
CUST-0825,Rajesh,India,Rajasthan,female,1985-12-12,2024-06-28,Paid,2025-06-28,Standard,Monthly,2026-06-26,Too expensive,16.26,388,78,1,N,4,1,728
CUST-0826,Pooja,India,Delhi,female,1999-04-09,2023-10-31,Paid,2024-10-30,Standard,Monthly,2026-01-13,Service outages,14.07,372,78,1,Y,3,2,805
CUST-0827,Rajesh,Nepal,Kathmandu,male,1992-12-23,2020-10-13,Paid,2021-10-13,Basic,Monthly,2025-03-04,Lack of features,8.73,459,71,1,Y,1,5,1603
CUST-0828,Anita,India,Karnataka,female,1985-01-25,2024-02-14,Refferal,2025-02-13,Basic,Monthly,,,11.65,369,18,0,N,5,1,966
CUST-0829,Swati,Nepal,Kathmandu,female,1990-11-14,2020-09-06,Paid,2021-09-06,Basic,Monthly,2024-06-18,Switched to competitor,7.72,350,74,1,N,5,0,1381
CUST-0830,Karan,India,Meghalaya,female,1992-06-03,2023-05-09,Organic,2024-05-08,Basic,Monthly,,,10.15,415,26,0,N,5,0,1247
CUST-0831,Ananya,India,Uttar Pradesh,female,1997-03-29,2021-06-19,Paid,2022-06-19,Basic,Monthly,2022-04-11,Lack of features,9.95,96,92,1,Y,1,4,296
CUST-0832,Sneha,India,Karnataka,female,1997-07-06,2024-01-24,Organic,2025-01-23,Premium,Monthly,,,21.2,687,12,0,Y,1,4,987
CUST-0833,Manish,India,Rajasthan,male,1996-01-21,2020-10-26,Paid,2021-10-26,Premium,Annual,2025-03-31,Lack of features,23.25,1235,83,1,N,5,0,1617
CUST-0834,Ananya,India,Delhi,male,1978-11-01,2024-02-10,Paid,2025-02-09,Standard,Monthly,2025-05-03,Service outages,16.37,240,97,1,N,5,0,448
CUST-0835,Sanjay,India,Meghalaya,female,1986-02-23,2023-01-11,Paid,2024-01-11,Standard,Monthly,2026-08-14,Too expensive,14.11,607,82,1,N,5,0,1311
CUST-0836,Amit,India,Uttar Pradesh,male,1999-02-12,2022-03-19,Paid,2023-03-19,Basic,Monthly,2023-12-14,Lack of features,10.99,229,72,1,N,4,1,635
CUST-0837,Amit,India,Maharashtra,female,1982-08-18,2021-04-02,Refferal,2022-04-02,Premium,Monthly,,,29.71,1965,15,0,N,4,0,2014
CUST-0838,Meera,India,Meghalaya,male,1994-08-18,2021-11-21,Paid,2022-11-21,Basic,Annual,,,8.06,471,35,0,N,4,1,1781
CUST-0839,Amit,India,Delhi,female,1977-05-20,2023-08-14,Paid,2024-08-13,Premium,Monthly,,,21.86,825,19,0,N,4,0,1150
CUST-0840,Suresh,India,Nagaland,female,1986-06-28,2023-10-19,Refferal,2024-10-18,Standard,Annual,,,15.72,559,15,0,N,4,1,1084
CUST-0841,Arjun,India,Karnataka,male,2001-04-18,2021-12-18,Paid,2022-12-18,Basic,Annual,,,10.73,618,8,0,N,4,0,1754
CUST-0842,Deepak,Nepal,Kathmandu,male,1982-07-02,2020-02-09,Paid,2021-02-08,Premium,Annual,2024-06-30,Service outages,22.81,1201,92,1,N,5,0,1603
CUST-0843,Deepak,India,Delhi,male,1977-07-29,2023-09-25,Refferal,2024-09-24,Basic,Monthly,2025-11-19,Service outages,7.09,183,82,1,N,3,1,786
CUST-0844,Meera,India,Karnataka,female,1975-12-07,2024-03-19,Organic,2025-03-19,Standard,Monthly,,,16.24,497,23,0,N,4,0,932
CUST-0845,Amit,Nepal,Kathmandu,female,1995-04-28,2020-04-17,Paid,2021-04-17,Standard,Annual,,,18.73,1454,31,0,Y,1,3,2364
CUST-0846,Kavita,India,Telangana,male,1986-04-26,2023-09-01,Paid,2024-08-31,Basic,Monthly,,,8.95,332,30,0,N,4,0,1132
CUST-0847,Meera,India,Rajasthan,female,1976-10-21,2023-02-11,Organic,2024-02-11,Standard,Annual,2024-06-02,Too expensive,15.51,243,79,1,Y,2,5,477
CUST-0848,Neha,India,Maharashtra,male,2002-12-30,2023-04-05,Paid,2024-04-04,Standard,Annual,,,18.8,791,2,0,Y,2,3,1281
CUST-0849,Priya,India,Meghalaya,male,2001-09-13,2020-09-17,Organic,2021-09-17,Standard,Annual,,,17.16,1246,11,0,Y,1,4,2211
CUST-0850,Neha,India,Delhi,female,1984-06-19,2024-06-29,Paid,2025-06-29,Basic,Monthly,,,10.59,288,25,0,Y,1,4,830
CUST-0851,Priya,India,Maharashtra,male,2001-12-18,2023-06-01,Organic,2024-05-31,Premium,Annual,,,25.62,1030,29,0,N,5,0,1224
CUST-0852,Swati,India,Nagaland,male,1983-02-23,2023-07-09,Paid,2024-07-08,Basic,Annual,,,11.86,462,22,0,N,4,0,1186
CUST-0853,Rohan,India,Karnataka,male,2000-04-20,2023-06-28,Organic,2024-06-27,Basic,Annual,2024-01-19,Service outages,10.43,70,99,1,N,4,1,205
CUST-0854,Rohan,India,Karnataka,male,1976-03-29,2021-06-09,Paid,2022-06-09,Basic,Monthly,2023-03-02,Service outages,11.47,237,88,1,N,4,0,631
CUST-0855,Sunita,India,Delhi,male,2002-02-04,2021-12-10,Refferal,2022-12-10,Basic,Monthly,,,10.49,607,9,0,N,4,1,1762
CUST-0856,Suresh,India,Uttar Pradesh,male,1997-05-29,2020-05-05,Paid,2021-05-05,Basic,Monthly,2026-10-04,Too expensive,10.67,821,78,1,N,5,0,2343
CUST-0857,Suresh,India,Uttar Pradesh,female,1989-11-25,2023-05-14,Paid,2024-05-13,Premium,Monthly,,,22.89,933,38,0,N,5,0,1242
CUST-0858,Manish,India,Telangana,male,1977-03-29,2023-03-09,Refferal,2024-03-08,Basic,Monthly,,,8.51,365,29,0,N,4,0,1308
CUST-0859,Karan,India,Rajasthan,female,1988-04-30,2022-12-21,Refferal,2023-12-21,Basic,Annual,2026-07-05,Too expensive,10.9,462,79,1,N,3,0,1292
CUST-0860,Sunita,Nepal,Kathmandu,male,1975-01-13,2023-07-30,Organic,2024-07-29,Basic,Monthly,2024-09-05,Poor customer support,8.47,112,91,1,Y,3,5,403
CUST-0861,Pooja,India,Nagaland,male,1996-02-27,2020-02-23,Paid,2021-02-22,Standard,Annual,,,16.37,1300,24,0,N,4,0,2418
CUST-0862,Kavita,India,Maharashtra,female,1977-07-09,2020-12-11,Organic,2021-12-11,Premium,Monthly,,,22.48,1570,8,0,N,4,1,2126
CUST-0863,Manish,India,Uttar Pradesh,female,1988-06-21,2024-03-27,Paid,2025-03-27,Basic,Monthly,2026-04-18,Lack of features,11.07,273,84,1,N,5,0,752
CUST-0864,Sneha,India,Telangana,male,1981-08-15,2020-05-15,Organic,2021-05-15,Basic,Monthly,,,7.54,578,6,0,N,5,0,2336
CUST-0865,Aarav,India,Telangana,female,2001-01-10,2020-11-25,Organic,2021-11-25,Basic,Monthly,2026-07-29,Service outages,11.14,758,76,1,Y,1,3,2072
CUST-0866,Karan,India,Delhi,female,1992-09-23,2023-03-13,Paid,2024-03-12,Basic,Annual,2025-04-29,Lack of features,10.0,255,89,1,Y,1,2,778
CUST-0867,Rahul,India,Nagaland,female,1980-07-10,2023-12-30,Organic,2024-12-29,Basic,Monthly,,,7.92,263,17,0,N,4,1,1012
CUST-0868,Riya,Nepal,Kathmandu,male,1996-10-14,2023-07-29,Organic,2024-07-28,Standard,Annual,,,16.24,622,36,0,N,3,1,1166
CUST-0869,Divya,India,Rajasthan,male,2000-10-16,2020-05-15,Paid,2021-05-15,Basic,Monthly,,,8.4,644,8,0,N,5,0,2336
CUST-0870,Ananya,India,Meghalaya,male,1988-02-14,2024-02-21,Refferal,2025-02-20,Standard,Annual,2025-06-15,Service outages,14.93,235,97,1,N,3,0,480
CUST-0871,Rajesh,India,Delhi,female,1993-09-13,2022-03-23,Paid,2023-03-23,Basic,Monthly,2023-04-23,Service outages,8.75,113,82,1,N,3,0,396
CUST-0872,Divya,Nepal,Kathmandu,male,1981-08-31,2022-05-01,Organic,2023-05-01,Premium,Monthly,,,20.62,1097,24,0,N,5,0,1620
CUST-0873,Sanjay,India,Meghalaya,female,1982-11-08,2023-11-25,Paid,2024-11-24,Premium,Monthly,,,29.85,1026,31,0,N,4,0,1047
CUST-0874,Rahul,India,Meghalaya,male,1978-12-09,2022-05-20,Paid,2023-05-20,Standard,Monthly,,,13.18,693,23,0,Y,2,5,1601
CUST-0875,Arjun,India,Nagaland,male,1984-09-13,2022-06-10,Paid,2023-06-10,Basic,Monthly,2024-01-01,Too expensive,10.3,192,98,1,Y,1,3,570
CUST-0876,Kavita,India,Nagaland,female,1979-11-17,2024-01-12,Refferal,2025-01-11,Basic,Annual,,,8.85,290,17,0,N,5,0,999
CUST-0877,Arjun,India,Maharashtra,male,1992-05-14,2021-09-26,Organic,2022-09-26,Standard,Annual,,,16.87,1018,24,0,N,4,0,1837
CUST-0878,Swati,India,Telangana,female,1981-03-13,2021-10-30,Organic,2022-10-30,Standard,Annual,2023-05-05,Service outages,15.13,274,80,1,Y,1,2,552
CUST-0879,Amit,Nepal,Kathmandu,female,2002-10-27,2023-07-17,Paid,2024-07-16,Standard,Monthly,,,17.03,659,10,0,N,4,0,1178
CUST-0880,Meera,India,Delhi,female,1975-07-31,2022-11-06,Paid,2023-11-06,Premium,Monthly,,,27.28,1282,31,0,N,4,1,1431
CUST-0881,Rajesh,India,Karnataka,female,1998-10-26,2020-09-25,Refferal,2021-09-25,Premium,Monthly,2024-01-21,Switched to competitor,26.9,1071,82,1,N,4,0,1213
CUST-0882,Priya,India,Delhi,female,1991-11-12,2022-05-10,Refferal,2023-05-10,Basic,Annual,2025-05-22,Poor customer support,7.56,275,98,1,Y,2,5,1108
CUST-0883,Aarav,India,Maharashtra,female,1994-03-29,2021-04-26,Paid,2022-04-26,Standard,Annual,,,16.93,1106,20,0,N,4,1,1990
CUST-0884,Neha,India,Rajasthan,female,1975-11-28,2023-05-27,Paid,2024-05-26,Basic,Annual,2025-03-15,Switched to competitor,8.39,181,85,1,N,3,0,658
CUST-0885,Rajesh,India,Telangana,male,1993-10-13,2023-09-04,Refferal,2024-09-03,Basic,Annual,,,7.13,264,14,0,N,3,0,1129
CUST-0886,Rohan,India,Karnataka,male,1997-01-09,2023-06-15,Paid,2024-06-14,Standard,Monthly,,,15.48,615,3,0,N,5,0,1210
CUST-0887,Anita,India,Uttar Pradesh,male,1997-05-14,2024-04-17,Refferal,2025-04-17,Basic,Monthly,,,9.16,271,30,0,N,5,0,903
CUST-0888,Arjun,India,Rajasthan,male,1998-12-08,2020-10-11,Refferal,2021-10-11,Premium,Monthly,2025-12-10,Switched to competitor,24.66,1527,87,1,Y,3,5,1886
CUST-0889,Arjun,India,Nagaland,female,1990-08-30,2022-11-26,Organic,2023-11-26,Basic,Monthly,,,10.51,487,6,0,N,5,0,1411
CUST-0890,Swati,India,Meghalaya,female,2000-01-03,2020-04-12,Refferal,2021-04-12,Standard,Monthly,,,14.84,1154,20,0,N,4,0,2369
CUST-0891,Kavita,India,Uttar Pradesh,female,1976-12-28,2023-12-24,Paid,2024-12-23,Standard,Monthly,2025-12-08,Lack of features,14.88,349,72,1,N,4,0,715
CUST-0892,Divya,India,Delhi,male,1988-08-15,2022-03-02,Organic,2023-03-02,Standard,Annual,,,13.35,736,19,0,N,4,0,1680
CUST-0893,Deepak,India,Delhi,female,1983-11-18,2020-08-26,Refferal,2021-08-26,Basic,Annual,2026-03-25,Service outages,10.42,697,95,1,N,4,1,2037
CUST-0894,Divya,India,Nagaland,male,1976-10-10,2022-01-10,Paid,2023-01-10,Premium,Annual,2024-06-09,Service outages,25.67,742,72,1,N,4,1,881
CUST-0895,Swati,India,Maharashtra,female,1988-12-13,2021-10-06,Refferal,2022-10-06,Standard,Annual,,,15.09,905,12,0,N,3,0,1827
CUST-0896,Ananya,Nepal,Kathmandu,female,1993-02-09,2023-02-22,Paid,2024-02-22,Standard,Monthly,2023-07-22,Too expensive,17.22,84,77,1,Y,1,4,150
CUST-0897,Sanjay,India,Uttar Pradesh,male,1994-07-15,2024-05-07,Organic,2025-05-07,Basic,Monthly,2026-02-21,Service outages,9.68,208,94,1,N,4,0,655
CUST-0898,Divya,India,Uttar Pradesh,male,1977-10-06,2024-06-11,Paid,2025-06-11,Standard,Annual,,,15.81,440,37,0,Y,2,2,848
CUST-0899,Swati,India,Rajasthan,male,1979-03-31,2024-06-21,Refferal,2025-06-21,Premium,Monthly,,,25.1,690,10,0,N,3,1,838
CUST-0900,Suresh,India,Telangana,female,1999-08-18,2022-05-31,Paid,2023-05-31,Standard,Monthly,,,16.81,878,21,0,Y,2,5,1590
CUST-0901,Vikram,India,Rajasthan,female,1995-07-07,2021-08-29,Paid,2022-08-29,Premium,Monthly,,,26.59,1629,41,0,N,4,0,1865
CUST-0902,Rohan,Nepal,Kathmandu,female,1984-04-24,2020-07-06,Organic,2021-07-06,Standard,Monthly,,,14.72,1104,42,0,N,3,0,2284
CUST-0903,Arjun,India,Delhi,male,1995-05-23,2022-06-06,Organic,2023-06-06,Basic,Monthly,2026-01-30,Too expensive,7.69,337,98,1,Y,3,2,1334
CUST-0904,Deepak,India,Delhi,male,1989-11-07,2023-07-03,Paid,2024-07-02,Basic,Monthly,2024-07-17,Too expensive,7.77,96,77,1,Y,2,5,380
CUST-0905,Divya,India,Delhi,female,1986-08-12,2024-05-27,Paid,2025-05-27,Basic,Monthly,,,10.19,288,7,0,N,5,0,863
CUST-0906,Amit,India,Delhi,female,1983-08-28,2022-09-13,Paid,2023-09-13,Standard,Annual,,,18.23,889,34,0,N,4,0,1485
CUST-0907,Arjun,Nepal,Kathmandu,male,1986-05-18,2022-07-12,Refferal,2023-07-12,Premium,Monthly,2023-08-02,Switched to competitor,24.08,305,71,1,N,5,0,386
CUST-0908,Sanjay,India,Nagaland,male,1995-06-23,2022-03-04,Refferal,2023-03-04,Basic,Monthly,,,7.84,432,30,0,N,3,0,1678
CUST-0909,Sunita,India,Telangana,female,1998-11-15,2021-06-13,Refferal,2022-06-13,Standard,Monthly,,,17.53,1118,4,0,N,4,0,1942
CUST-0910,Sneha,Nepal,Kathmandu,male,2000-03-25,2021-11-06,Refferal,2022-11-06,Standard,Monthly,,,17.98,1060,41,0,N,5,0,1796
CUST-0911,Rohan,India,Telangana,male,1993-02-12,2021-01-26,Organic,2022-01-26,Standard,Annual,2023-07-26,Service outages,18.27,546,99,1,Y,2,5,911
CUST-0912,Suresh,Nepal,Kathmandu,male,1990-07-01,2024-01-31,Paid,2025-01-30,Basic,Annual,,,10.02,322,25,0,N,4,1,980
CUST-0913,Arjun,India,Delhi,female,1998-08-12,2023-06-30,Paid,2024-06-29,Basic,Annual,2024-10-14,Poor customer support,11.29,175,83,1,Y,2,2,472
CUST-0914,Deepak,India,Nagaland,female,1978-03-22,2021-11-02,Refferal,2022-11-02,Basic,Monthly,2022-04-29,Service outages,7.07,41,93,1,N,5,1,178
CUST-0915,Karan,India,Uttar Pradesh,female,1996-10-13,2022-05-10,Organic,2023-05-10,Basic,Monthly,,,7.53,398,43,0,N,5,0,1611
CUST-0916,Pooja,India,Rajasthan,female,1998-07-11,2024-05-03,Refferal,2025-05-03,Basic,Monthly,,,7.45,217,31,0,N,4,0,887
CUST-0917,Vikram,India,Meghalaya,male,2003-03-11,2023-04-14,Refferal,2024-04-13,Basic,Monthly,2025-02-27,Poor customer support,10.55,237,90,1,N,3,0,685
CUST-0918,Rajesh,India,Nagaland,male,1981-02-11,2021-04-10,Refferal,2022-04-10,Standard,Monthly,,,13.41,883,39,0,N,4,0,2006
CUST-0919,Vikram,India,Uttar Pradesh,female,1987-11-14,2022-04-18,Organic,2023-04-18,Basic,Monthly,,,9.47,508,28,0,N,4,0,1633
CUST-0920,Kavita,India,Maharashtra,male,1991-03-04,2024-05-19,Paid,2025-05-19,Premium,Monthly,,,24.72,707,25,0,N,4,0,871
CUST-0921,Riya,Nepal,Kathmandu,female,1996-07-09,2022-09-14,Paid,2023-09-14,Basic,Annual,,,8.54,416,19,0,Y,3,5,1484
CUST-0922,Rajesh,India,Maharashtra,male,1995-08-10,2023-08-05,Organic,2024-08-04,Basic,Monthly,,,11.34,431,4,0,N,5,0,1159
CUST-0923,Sanjay,India,Uttar Pradesh,male,1990-03-22,2022-12-09,Organic,2023-12-09,Basic,Annual,2025-05-09,Switched to competitor,7.84,227,71,1,Y,2,2,882
CUST-0924,Anita,India,Nagaland,male,1993-06-07,2020-01-04,Paid,2021-01-03,Basic,Monthly,,,8.75,709,32,0,N,3,0,2468
CUST-0925,Priya,Nepal,Kathmandu,male,1981-11-18,2022-05-01,Paid,2023-05-01,Premium,Monthly,,,27.73,1475,25,0,N,3,0,1620
CUST-0926,Pooja,India,Meghalaya,male,1996-06-09,2024-03-03,Paid,2025-03-03,Basic,Annual,,,7.14,222,22,0,N,3,0,948
CUST-0927,Rohan,India,Delhi,male,2002-04-14,2023-05-31,Paid,2024-05-30,Premium,Annual,,,26.72,1075,28,0,N,5,0,1225
CUST-0928,Rahul,Nepal,Kathmandu,female,1994-01-05,2023-07-09,Organic,2024-07-08,Premium,Monthly,,,28.15,1096,18,0,Y,2,3,1186
CUST-0929,Sanjay,Nepal,Kathmandu,male,1996-08-28,2021-06-18,Paid,2022-06-18,Standard,Monthly,,,18.58,1182,7,0,N,5,0,1937
CUST-0930,Sunita,India,Nagaland,female,1990-06-20,2022-06-21,Organic,2023-06-21,Standard,Monthly,,,18.25,940,11,0,Y,2,5,1569
CUST-0931,Arjun,India,Nagaland,female,1978-01-01,2023-10-31,Paid,2024-10-30,Standard,Monthly,,,14.91,525,42,0,Y,3,5,1072
CUST-0932,Priya,India,Uttar Pradesh,female,1999-12-21,2022-12-20,Refferal,2023-12-20,Basic,Annual,2025-10-29,Service outages,9.92,340,80,1,N,4,0,1044
CUST-0933,Arjun,India,Karnataka,female,1980-05-05,2023-10-11,Paid,2024-10-10,Standard,Annual,,,13.45,482,9,0,Y,1,5,1092
CUST-0934,Kavita,Nepal,Kathmandu,female,2002-10-31,2021-10-07,Refferal,2022-10-07,Basic,Annual,,,8.28,496,35,0,N,5,1,1826
CUST-0935,Ananya,India,Rajasthan,male,2001-09-07,2020-01-24,Refferal,2021-01-23,Basic,Monthly,,,7.46,599,37,0,N,4,1,2448
CUST-0936,Arjun,Nepal,Kathmandu,male,2000-02-25,2023-08-09,Refferal,2024-08-08,Standard,Annual,,,14.88,564,23,0,N,3,0,1155
CUST-0937,Neha,India,Uttar Pradesh,male,1996-05-09,2021-07-10,Paid,2022-07-10,Standard,Monthly,2025-03-06,Switched to competitor,18.24,799,70,1,Y,2,4,1335
CUST-0938,Neha,India,Telangana,female,1999-02-08,2021-11-21,Paid,2022-11-21,Premium,Annual,,,23.46,1372,1,0,N,5,0,1781
CUST-0939,Rajesh,India,Maharashtra,female,1976-08-18,2020-12-21,Paid,2021-12-21,Basic,Annual,2022-08-22,Switched to competitor,9.8,196,89,1,N,5,0,609
CUST-0940,Riya,India,Delhi,male,1996-07-24,2022-05-19,Paid,2023-05-19,Premium,Monthly,,,24.32,1279,5,0,N,5,0,1602
CUST-0941,Suresh,India,Karnataka,male,1999-09-25,2022-07-29,Refferal,2023-07-29,Basic,Monthly,2026-09-01,Service outages,9.28,455,98,1,N,5,0,1495
CUST-0942,Pooja,India,Meghalaya,female,1987-02-26,2021-07-28,Refferal,2022-07-28,Basic,Monthly,,,11.84,737,26,0,N,3,1,1897
CUST-0943,Rahul,India,Meghalaya,male,1991-05-09,2020-01-29,Refferal,2021-01-28,Basic,Monthly,2026-06-28,Lack of features,8.47,651,88,1,Y,1,3,2342
CUST-0944,Karan,India,Meghalaya,female,1977-05-08,2020-12-22,Refferal,2021-12-22,Standard,Annual,,,16.75,1163,38,0,N,4,0,2115
CUST-0945,Sneha,India,Nagaland,female,1990-02-10,2020-12-30,Paid,2021-12-30,Basic,Monthly,2022-12-24,Service outages,9.09,216,72,1,N,4,0,724
CUST-0946,Anita,India,Meghalaya,female,1995-03-22,2021-08-30,Paid,2022-08-30,Standard,Monthly,,,13.36,818,21,0,N,3,0,1864
CUST-0947,Ananya,India,Delhi,female,1998-08-24,2021-02-12,Paid,2022-02-12,Premium,Monthly,,,24.88,1686,13,0,N,5,0,2063
CUST-0948,Swati,India,Maharashtra,female,2002-04-29,2023-07-13,Organic,2024-07-12,Standard,Annual,,,17.87,693,31,0,N,4,0,1182
CUST-0949,Sanjay,India,Meghalaya,male,1986-10-27,2023-08-07,Refferal,2024-08-06,Standard,Monthly,,,13.58,516,17,0,N,4,1,1157
CUST-0950,Sneha,Nepal,Kathmandu,female,1984-06-16,2021-07-20,Paid,2022-07-20,Premium,Annual,,,20.69,1294,35,0,N,5,0,1905
CUST-0951,Karan,Nepal,Kathmandu,female,1977-10-27,2023-03-22,Paid,2024-03-21,Standard,Annual,,,13.91,591,23,0,N,4,1,1295
CUST-0952,Aarav,India,Nagaland,male,2000-12-22,2020-08-06,Organic,2021-08-06,Standard,Annual,,,17.58,1301,3,0,Y,1,4,2253
CUST-0953,Manish,India,Delhi,male,1996-08-24,2020-06-21,Refferal,2021-06-21,Basic,Monthly,2021-06-17,Service outages,10.61,125,90,1,N,5,0,361
CUST-0954,Kavita,India,Maharashtra,male,2003-01-29,2021-08-30,Refferal,2022-08-30,Premium,Monthly,,,25.64,1570,2,0,N,5,1,1864
CUST-0955,Manish,India,Karnataka,male,1978-12-18,2022-11-01,Paid,2023-11-01,Standard,Monthly,,,15.8,745,3,0,N,4,0,1436
CUST-0956,Sneha,India,Uttar Pradesh,female,2003-01-11,2024-03-19,Paid,2025-03-19,Basic,Monthly,,,11.43,349,20,0,N,3,0,932
CUST-0957,Sneha,India,Maharashtra,female,1982-10-21,2023-10-17,Organic,2024-10-16,Basic,Monthly,2026-02-03,Poor customer support,10.82,298,85,1,Y,1,5,840
CUST-0958,Deepak,India,Uttar Pradesh,male,2003-02-03,2022-05-07,Refferal,2023-05-07,Premium,Annual,,,28.11,1490,44,0,N,4,0,1614
CUST-0959,Meera,India,Telangana,male,1997-03-12,2024-05-21,Paid,2025-05-21,Basic,Monthly,2025-01-10,Lack of features,11.06,85,94,1,Y,2,2,234
CUST-0960,Priya,India,Uttar Pradesh,female,2003-08-29,2021-10-18,Organic,2022-10-18,Premium,Annual,,,26.42,1575,9,0,N,4,0,1815
CUST-0961,Amit,India,Rajasthan,male,1994-07-31,2022-08-26,Refferal,2023-08-26,Basic,Monthly,2024-05-25,Lack of features,9.28,194,85,1,Y,2,2,638
CUST-0962,Swati,Nepal,Kathmandu,male,2002-05-19,2024-02-09,Paid,2025-02-08,Premium,Annual,,,28.64,913,4,0,N,4,0,971
CUST-0963,Deepak,India,Delhi,female,2001-01-07,2024-05-19,Paid,2025-05-19,Basic,Annual,,,11.62,332,25,0,N,5,0,871
CUST-0964,Rahul,India,Nagaland,female,1994-01-13,2023-01-10,Paid,2024-01-10,Standard,Annual,2024-10-15,Too expensive,13.13,277,89,1,N,4,1,644
CUST-0965,Deepak,India,Rajasthan,male,1986-02-07,2024-06-28,Paid,2025-06-28,Premium,Annual,2026-05-09,Service outages,20.51,458,87,1,N,5,0,680
CUST-0966,Rohan,India,Uttar Pradesh,male,1989-10-16,2023-09-25,Refferal,2024-09-24,Standard,Annual,,,18.74,682,1,0,N,5,1,1108
CUST-0967,Suresh,India,Meghalaya,male,2000-05-30,2021-03-16,Paid,2022-03-16,Standard,Annual,,,14.65,977,39,0,N,4,0,2031
CUST-0968,Neha,India,Delhi,female,1979-07-31,2021-09-08,Organic,2022-09-08,Basic,Monthly,,,11.36,692,12,0,N,3,0,1855
CUST-0969,Karan,India,Rajasthan,female,1987-05-30,2020-08-13,Organic,2021-08-13,Basic,Monthly,,,8.93,658,40,0,N,4,1,2246
CUST-0970,Priya,India,Nagaland,male,1988-06-25,2021-01-05,Paid,2022-01-05,Basic,Monthly,2025-01-21,Poor customer support,7.59,368,77,1,Y,1,5,1477
CUST-0971,Swati,Nepal,Kathmandu,female,2002-11-30,2020-01-28,Paid,2021-01-27,Standard,Monthly,2023-01-27,Too expensive,13.47,484,97,1,N,4,1,1095
CUST-0972,Sneha,India,Delhi,female,1991-08-30,2022-10-04,Organic,2023-10-04,Basic,Monthly,2026-07-25,Too expensive,7.77,354,93,1,N,5,0,1390
CUST-0973,Ananya,India,Nagaland,male,1996-03-05,2022-09-21,Refferal,2023-09-21,Basic,Monthly,2025-12-12,Switched to competitor,8.24,318,91,1,Y,1,5,1178
CUST-0974,Anita,India,Telangana,male,1988-04-26,2020-01-16,Refferal,2021-01-15,Standard,Monthly,2021-10-29,Lack of features,15.92,340,78,1,Y,2,4,652
CUST-0975,Amit,India,Telangana,female,2000-07-04,2023-07-24,Paid,2024-07-23,Standard,Monthly,,,17.2,661,20,0,N,5,0,1171
CUST-0976,Priya,India,Nagaland,male,1978-05-06,2020-11-28,Paid,2021-11-28,Standard,Monthly,,,18.91,1328,5,0,N,4,0,2139
CUST-0977,Arjun,India,Rajasthan,male,1982-10-31,2021-04-27,Refferal,2022-04-27,Basic,Annual,2021-08-13,Lack of features,9.2,32,89,1,Y,1,5,108
CUST-0978,Sneha,India,Delhi,female,2003-08-27,2021-07-19,Organic,2022-07-19,Basic,Monthly,2026-04-07,Lack of features,9.58,542,90,1,N,5,0,1723
CUST-0979,Kavita,India,Rajasthan,female,1998-01-28,2023-08-04,Paid,2024-08-03,Premium,Annual,2026-09-21,Switched to competitor,25.21,947,71,1,N,3,0,1144
CUST-0980,Rajesh,India,Karnataka,female,2000-07-24,2020-04-23,Organic,2021-04-23,Basic,Monthly,2020-10-30,Poor customer support,9.69,60,90,1,Y,3,4,190
CUST-0981,Swati,India,Uttar Pradesh,female,1983-11-28,2020-02-07,Paid,2021-02-06,Premium,Annual,,,25.17,2012,42,0,N,3,0,2434
CUST-0982,Sneha,India,Karnataka,female,1985-05-10,2021-03-29,Organic,2022-03-29,Premium,Annual,,,20.08,1331,24,0,N,4,0,2018
CUST-0983,Suresh,India,Telangana,male,1994-01-18,2022-01-11,Refferal,2023-01-11,Premium,Annual,,,20.01,1137,9,0,N,5,0,1730
CUST-0984,Ananya,Nepal,Kathmandu,female,1977-02-05,2020-06-14,Paid,2021-06-14,Basic,Annual,,,7.48,566,39,0,N,5,0,2306
CUST-0985,Arjun,India,Maharashtra,male,1982-05-05,2021-11-24,Refferal,2022-11-24,Premium,Monthly,,,21.01,1227,30,0,N,4,1,1778
CUST-0986,Amit,India,Uttar Pradesh,male,1996-02-10,2020-07-23,Paid,2021-07-23,Premium,Annual,2024-11-24,Lack of features,27.04,1407,91,1,Y,1,2,1585
CUST-0987,Neha,India,Telangana,female,1995-06-27,2022-05-27,Paid,2023-05-27,Standard,Annual,,,14.22,744,18,0,N,4,1,1594
CUST-0988,Suresh,India,Rajasthan,female,1988-12-04,2020-09-01,Paid,2021-09-01,Basic,Annual,,,11.46,838,44,0,N,4,0,2227
CUST-0989,Sanjay,India,Rajasthan,male,1996-10-21,2023-09-18,Paid,2024-09-17,Basic,Annual,2024-04-06,Switched to competitor,11.63,76,80,1,N,5,0,201
CUST-0990,Riya,India,Rajasthan,female,1982-04-19,2022-07-31,Paid,2023-07-31,Basic,Monthly,2024-07-11,Too expensive,11.87,277,79,1,N,5,0,711
CUST-0991,Karan,Nepal,Kathmandu,male,2002-03-31,2023-11-20,Refferal,2024-11-19,Standard,Annual,,,18.62,643,41,0,Y,1,4,1052
CUST-0992,Sneha,India,Karnataka,male,1984-08-14,2022-03-31,Refferal,2023-03-31,Standard,Monthly,,,14.62,792,21,0,N,5,0,1651
CUST-0993,Kavita,India,Maharashtra,male,1976-05-10,2021-05-21,Paid,2022-05-21,Basic,Monthly,2025-03-17,Poor customer support,9.54,437,91,1,Y,1,3,1396
CUST-0994,Priya,India,Rajasthan,female,1990-12-10,2022-07-12,Organic,2023-07-12,Standard,Monthly,2023-05-22,Poor customer support,14.04,144,86,1,Y,3,2,314
CUST-0995,Suresh,India,Uttar Pradesh,female,1980-09-03,2023-02-18,Refferal,2024-02-18,Basic,Annual,,,11.02,480,5,0,N,4,1,1327
CUST-0996,Anita,India,Delhi,male,1996-05-05,2023-07-06,Organic,2024-07-05,Standard,Monthly,2024-02-20,Poor customer support,18.32,137,75,1,Y,2,4,229
CUST-0997,Aarav,India,Maharashtra,female,1998-05-09,2021-02-13,Refferal,2022-02-13,Premium,Monthly,2026-06-10,Poor customer support,28.5,1819,79,1,N,5,0,1943
CUST-0998,Anita,Nepal,Kathmandu,male,1985-10-24,2020-11-05,Paid,2021-11-05,Basic,Monthly,2023-06-09,Service outages,9.16,284,80,1,Y,1,5,946
CUST-0999,Rajesh,India,Maharashtra,female,1991-07-09,2020-03-08,Paid,2021-03-08,Basic,Annual,,,10.78,851,2,0,N,3,1,2404
CUST-1000,Riya,India,Delhi,male,2002-05-28,2020-04-23,Refferal,2021-04-23,Basic,Annual,2021-04-29,Switched to competitor,7.48,91,76,1,N,4,1,371
CUST-1001,Arjun,India,Uttar Pradesh,male,1997-10-20,2020-08-07,Paid,2021-08-07,Standard,Monthly,,,13.23,978,4,0,Y,2,5,2252
CUST-1002,Aarav,India,Delhi,female,1981-12-30,2020-08-07,Paid,2021-08-07,Standard,Monthly,2021-04-06,Service outages,17.51,139,74,1,Y,1,2,242
CUST-1003,Divya,India,Nagaland,male,1992-06-10,2024-02-05,Paid,2025-02-04,Premium,Annual,,,24.24,776,19,0,N,4,0,975
CUST-1004,Sneha,India,Uttar Pradesh,male,1987-02-02,2021-12-30,Paid,2022-12-30,Basic,Annual,2023-07-13,Too expensive,11.97,220,90,1,Y,1,4,560
CUST-1005,Karan,India,Maharashtra,female,1991-04-26,2022-01-18,Paid,2023-01-18,Premium,Annual,2022-03-30,Poor customer support,20.96,48,97,1,Y,1,3,71
CUST-1006,Amit,India,Rajasthan,female,1999-12-08,2022-07-31,Paid,2023-07-31,Basic,Monthly,,,11.27,566,20,0,N,3,0,1529
CUST-1007,Priya,India,Maharashtra,male,1991-05-30,2021-01-20,Paid,2022-01-20,Standard,Annual,,,15.87,1087,30,0,N,4,1,2086
CUST-1008,Sanjay,India,Maharashtra,male,1988-09-30,2023-08-14,Refferal,2024-08-13,Basic,Monthly,,,11.13,420,42,0,N,5,0,1150
CUST-1009,Amit,India,Uttar Pradesh,male,2003-03-07,2022-07-18,Refferal,2023-07-18,Premium,Monthly,,,28.16,1426,38,0,Y,1,4,1542
CUST-1010,Rohan,India,Nagaland,male,1982-12-17,2024-06-17,Paid,2025-06-17,Standard,Monthly,2026-04-24,Poor customer support,18.49,410,71,1,Y,3,2,676
CUST-1011,Aarav,India,Maharashtra,male,1982-12-24,2023-06-30,Paid,2024-06-29,Standard,Monthly,,,14.78,580,3,0,N,5,0,1195
CUST-1012,Sneha,India,Telangana,female,2002-11-09,2021-02-08,Paid,2022-02-08,Premium,Annual,,,29.49,2002,42,0,N,4,0,2067
CUST-1013,Sunita,India,Meghalaya,female,1985-08-06,2021-05-06,Paid,2022-05-06,Basic,Monthly,2024-05-19,Service outages,7.75,282,86,1,Y,2,2,1109
CUST-1014,Swati,India,Meghalaya,male,2000-02-29,2020-12-22,Paid,2021-12-22,Basic,Monthly,,,7.4,514,39,0,N,4,1,2115
CUST-1015,Pooja,India,Maharashtra,male,2003-04-23,2023-12-22,Paid,2024-12-21,Premium,Monthly,2024-02-27,Lack of features,24.31,53,94,1,Y,1,2,67
CUST-1016,Karan,India,Rajasthan,male,1988-12-03,2020-08-02,Refferal,2021-08-02,Basic,Monthly,2021-04-19,Poor customer support,11.13,95,71,1,Y,3,2,260
CUST-1017,Deepak,Nepal,Kathmandu,male,1992-12-03,2023-11-04,Refferal,2024-11-03,Basic,Monthly,,,9.36,328,39,0,N,4,0,1068
CUST-1018,Pooja,Nepal,Kathmandu,female,1976-01-31,2022-01-21,Paid,2023-01-21,Standard,Monthly,2022-09-16,Too expensive,17.97,140,84,1,Y,1,2,238
CUST-1019,Riya,India,Uttar Pradesh,male,1977-07-27,2022-04-06,Paid,2023-04-06,Standard,Monthly,,,17.37,938,3,0,N,4,1,1645
CUST-1020,Ananya,India,Meghalaya,male,2001-11-28,2023-05-22,Refferal,2024-05-21,Basic,Annual,2025-06-10,Lack of features,8.04,198,74,1,Y,1,4,750
CUST-1021,Sanjay,India,Maharashtra,female,1981-11-15,2023-01-26,Organic,2024-01-26,Basic,Annual,,,11.73,520,40,0,N,4,0,1350
CUST-1022,Neha,Nepal,Kathmandu,male,1987-09-11,2021-06-11,Refferal,2022-06-11,Basic,Annual,2026-02-16,Switched to competitor,7.29,409,73,1,N,5,0,1711
CUST-1023,Ananya,India,Maharashtra,female,1979-07-08,2022-07-04,Refferal,2023-07-04,Standard,Monthly,,,18.38,939,40,0,N,4,0,1556
CUST-1024,Anita,India,Uttar Pradesh,male,1985-02-07,2021-10-27,Paid,2022-10-27,Premium,Annual,,,23.03,1366,38,0,Y,1,2,1806
CUST-1025,Aarav,India,Meghalaya,female,1984-05-28,2024-03-31,Paid,2025-03-31,Premium,Annual,,,24.99,755,37,0,N,4,0,920
CUST-1026,Karan,India,Delhi,female,1983-10-07,2021-12-10,Organic,2022-12-10,Standard,Annual,,,15.52,898,27,0,N,3,1,1762
CUST-1027,Rahul,India,Telangana,female,1986-06-11,2021-06-18,Paid,2022-06-18,Basic,Annual,2024-04-13,Service outages,7.85,265,74,1,N,5,1,1030
CUST-1028,Rajesh,India,Telangana,female,2003-09-14,2021-07-07,Organic,2022-07-07,Premium,Monthly,,,23.57,1485,17,0,N,3,0,1918
CUST-1029,Rahul,Nepal,Kathmandu,male,1998-01-05,2024-04-21,Refferal,2025-04-21,Standard,Annual,2026-06-17,Lack of features,14.15,365,99,1,N,3,0,787
CUST-1030,Amit,India,Telangana,male,1983-11-12,2020-11-23,Refferal,2021-11-23,Basic,Monthly,2022-02-21,Service outages,8.01,119,75,1,N,4,1,455
CUST-1031,Arjun,India,Delhi,female,1985-07-29,2022-06-20,Paid,2023-06-20,Premium,Monthly,,,21.86,1127,41,0,N,4,0,1570
CUST-1032,Swati,India,Maharashtra,female,1975-02-28,2023-04-03,Refferal,2024-04-02,Premium,Monthly,2025-05-26,Lack of features,24.88,640,93,1,N,5,0,784
CUST-1033,Sneha,India,Uttar Pradesh,male,1988-07-09,2023-02-13,Paid,2024-02-13,Standard,Monthly,,,17.78,778,12,0,N,5,0,1332
CUST-1034,Deepak,India,Delhi,male,1983-02-19,2020-05-29,Paid,2021-05-29,Standard,Annual,2025-09-03,Service outages,16.4,1036,79,1,Y,1,4,1923
CUST-1035,Rohan,India,Uttar Pradesh,male,2001-08-11,2024-03-21,Paid,2025-03-21,Basic,Monthly,,,11.46,350,31,0,N,5,0,930
CUST-1036,Rajesh,India,Uttar Pradesh,male,1997-10-06,2022-11-21,Organic,2023-11-21,Basic,Monthly,,,10.17,473,33,0,N,4,0,1416
CUST-1037,Karan,India,Meghalaya,male,2001-05-12,2021-10-18,Refferal,2022-10-18,Standard,Annual,2025-02-04,Service outages,17.13,678,80,1,N,4,0,1205
CUST-1038,Riya,India,Maharashtra,female,2000-08-11,2022-03-16,Paid,2023-03-16,Basic,Monthly,,,10.33,565,29,0,N,4,0,1666
CUST-1039,Sunita,India,Telangana,male,1984-02-28,2020-10-19,Paid,2021-10-19,Standard,Monthly,,,15.69,1123,38,0,N,4,0,2179
CUST-1040,Divya,India,Meghalaya,male,1981-10-22,2022-07-07,Refferal,2023-07-07,Premium,Annual,2025-01-20,Too expensive,26.88,819,72,1,N,4,0,928
CUST-1041,Manish,India,Uttar Pradesh,female,1976-07-15,2021-11-19,Refferal,2022-11-19,Premium,Annual,,,20.69,1211,38,0,N,4,0,1783
CUST-1042,Swati,Nepal,Kathmandu,female,1985-11-25,2022-08-14,Refferal,2023-08-14,Standard,Monthly,,,18.15,903,41,0,N,5,0,1515
CUST-1043,Amit,India,Telangana,female,1992-02-22,2023-04-15,Refferal,2024-04-14,Premium,Annual,,,27.77,1159,40,0,N,4,1,1271
CUST-1044,Rahul,India,Telangana,female,1979-10-04,2022-12-20,Paid,2023-12-20,Premium,Monthly,2025-03-27,Service outages,22.44,610,99,1,N,5,1,828
CUST-1045,Ananya,India,Maharashtra,male,1999-11-27,2024-05-31,Refferal,2025-05-31,Standard,Monthly,2026-05-19,Service outages,17.6,415,84,1,Y,2,2,718
CUST-1046,Riya,India,Nagaland,female,1984-09-24,2021-02-19,Paid,2022-02-19,Basic,Monthly,2026-09-18,Switched to competitor,7.05,471,91,1,Y,1,2,2037
CUST-1047,Rohan,India,Karnataka,female,2002-02-26,2023-11-07,Organic,2024-11-06,Basic,Monthly,2025-12-02,Too expensive,8.08,200,75,1,Y,2,2,756
CUST-1048,Rohan,India,Karnataka,male,1999-12-27,2021-08-20,Refferal,2022-08-20,Basic,Annual,2025-07-04,Switched to competitor,7.32,340,92,1,Y,1,4,1414
CUST-1049,Aarav,India,Karnataka,female,1994-06-05,2020-01-07,Paid,2021-01-06,Basic,Annual,,,10.89,881,43,0,N,5,0,2465
CUST-1050,Neha,India,Nagaland,female,1997-08-19,2022-07-06,Paid,2023-07-06,Basic,Monthly,2024-03-29,Poor customer support,10.77,223,98,1,N,4,1,632
CUST-1051,Kavita,India,Maharashtra,male,1975-10-22,2020-03-25,Organic,2021-03-25,Basic,Monthly,2020-04-30,Service outages,11.06,13,79,1,N,5,1,36
CUST-1052,Neha,India,Nagaland,male,1997-06-26,2022-02-12,Paid,2023-02-12,Standard,Annual,,,13.02,726,32,0,N,5,0,1698
CUST-1053,Amit,India,Karnataka,male,2000-04-09,2022-08-14,Paid,2023-08-14,Premium,Monthly,,,25.0,1244,43,0,N,4,1,1515
CUST-1054,Rahul,India,Meghalaya,male,1989-08-05,2023-11-22,Refferal,2024-11-21,Basic,Monthly,,,10.51,362,4,0,N,4,0,1050
CUST-1055,Karan,India,Delhi,male,1987-09-30,2023-11-17,Paid,2024-11-16,Standard,Annual,,,13.92,482,29,0,N,4,0,1055
CUST-1056,Divya,India,Uttar Pradesh,female,1978-01-14,2022-12-06,Refferal,2023-12-06,Standard,Annual,2026-06-16,Service outages,16.89,714,82,1,Y,1,5,1288
CUST-1057,Rohan,India,Nagaland,male,1985-04-29,2023-09-26,Paid,2024-09-25,Basic,Annual,,,7.41,269,8,0,N,4,0,1107
CUST-1058,Manish,India,Maharashtra,female,1998-06-12,2024-03-01,Refferal,2025-03-01,Premium,Monthly,,,21.8,680,20,0,Y,2,5,950
CUST-1059,Karan,India,Maharashtra,female,1991-10-07,2021-08-28,Paid,2022-08-28,Standard,Annual,,,15.84,971,7,0,N,4,1,1866
CUST-1060,Karan,India,Delhi,female,1995-12-09,2024-02-10,Paid,2025-02-09,Basic,Monthly,2025-09-07,Switched to competitor,10.26,193,70,1,N,4,1,575
CUST-1061,Suresh,Nepal,Kathmandu,female,1978-03-20,2021-03-01,Organic,2022-03-01,Premium,Monthly,2021-09-14,Switched to competitor,21.45,138,97,1,N,4,0,197
CUST-1062,Divya,India,Telangana,male,1978-03-10,2021-03-01,Refferal,2022-03-01,Basic,Monthly,2025-09-03,Poor customer support,7.92,428,94,1,Y,3,5,1647
CUST-1063,Priya,India,Karnataka,male,2000-06-02,2022-01-05,Paid,2023-01-05,Standard,Monthly,,,14.22,810,26,0,N,4,0,1736
CUST-1064,Sanjay,Nepal,Kathmandu,female,2000-12-10,2022-03-01,Paid,2023-03-01,Basic,Monthly,2025-09-26,Lack of features,8.18,350,78,1,N,3,1,1305
CUST-1065,Pooja,India,Karnataka,female,2002-12-08,2021-05-29,Refferal,2022-05-29,Premium,Monthly,2025-07-12,Poor customer support,22.26,1100,92,1,Y,2,5,1505
CUST-1066,Sunita,India,Delhi,female,1999-09-29,2023-02-26,Refferal,2024-02-26,Standard,Monthly,2026-01-10,Switched to competitor,15.36,529,77,1,Y,1,5,1049
CUST-1067,Neha,India,Karnataka,male,2002-11-18,2023-06-26,Organic,2024-06-25,Standard,Annual,2024-03-12,Switched to competitor,16.91,144,71,1,N,3,1,260
CUST-1068,Neha,India,Delhi,female,1998-11-08,2022-01-10,Organic,2023-01-10,Basic,Monthly,2025-03-29,Switched to competitor,9.18,354,95,1,Y,1,5,1174
CUST-1069,Vikram,India,Rajasthan,male,1987-03-25,2020-05-10,Refferal,2021-05-10,Standard,Monthly,,,17.65,1357,14,0,N,3,0,2341
CUST-1070,Neha,Nepal,Kathmandu,female,1990-03-01,2020-11-18,Paid,2021-11-18,Premium,Monthly,2025-09-28,Lack of features,27.18,1584,99,1,N,4,1,1775
CUST-1071,Divya,Nepal,Kathmandu,female,1994-06-21,2022-04-02,Paid,2023-04-02,Standard,Monthly,,,13.75,744,44,0,N,4,1,1649
CUST-1072,Suresh,India,Telangana,male,1998-02-03,2021-06-26,Refferal,2022-06-26,Standard,Annual,,,13.28,841,31,0,N,5,0,1929
CUST-1073,Sneha,India,Delhi,female,1982-09-01,2020-03-06,Paid,2021-03-06,Standard,Monthly,,,18.26,1443,26,0,N,5,0,2406
CUST-1074,Aarav,India,Nagaland,male,1987-08-13,2021-12-18,Paid,2022-12-18,Premium,Annual,,,20.79,1197,19,0,N,3,0,1754
CUST-1075,Deepak,India,Rajasthan,male,1994-11-19,2023-01-29,Paid,2024-01-29,Standard,Monthly,,,13.88,614,38,0,N,4,1,1347
CUST-1076,Arjun,India,Meghalaya,male,2003-08-27,2020-01-31,Paid,2021-01-30,Premium,Monthly,2026-05-01,Lack of features,20.21,1515,90,1,Y,2,2,2282
CUST-1077,Aarav,India,Karnataka,female,1979-03-22,2022-06-03,Paid,2023-06-03,Premium,Annual,,,26.27,1369,5,0,Y,3,2,1587
CUST-1078,Rajesh,India,Rajasthan,female,1982-07-28,2020-07-09,Paid,2021-07-09,Standard,Annual,,,16.48,1234,6,0,N,4,0,2281
CUST-1079,Aarav,India,Delhi,female,2003-03-21,2024-05-20,Refferal,2025-05-20,Basic,Monthly,,,11.92,340,35,0,N,4,1,870
CUST-1080,Arjun,India,Uttar Pradesh,male,1987-04-19,2021-02-18,Paid,2022-02-18,Standard,Annual,,,18.31,1237,16,0,Y,2,2,2057
CUST-1081,Deepak,India,Karnataka,female,1983-06-11,2022-01-16,Paid,2023-01-16,Premium,Monthly,,,24.1,1365,31,0,N,4,1,1725
CUST-1082,Ananya,India,Maharashtra,female,1989-08-31,2024-03-03,Paid,2025-03-03,Basic,Annual,,,8.85,275,18,0,N,4,0,948
CUST-1083,Divya,Nepal,Kathmandu,male,1980-02-01,2024-06-06,Refferal,2025-06-06,Standard,Annual,,,14.77,413,14,0,N,4,0,853
CUST-1084,Manish,India,Delhi,female,1977-02-08,2022-12-05,Paid,2023-12-05,Premium,Annual,2025-07-04,Switched to competitor,21.51,665,94,1,N,5,1,942
CUST-1085,Neha,India,Maharashtra,male,1978-11-23,2023-01-17,Refferal,2024-01-17,Basic,Annual,2023-04-20,Poor customer support,7.68,23,84,1,Y,2,5,93
CUST-1086,Neha,India,Telangana,female,1998-07-17,2021-01-09,Organic,2022-01-09,Standard,Monthly,,,13.78,949,26,0,Y,1,4,2097
CUST-1087,Suresh,India,Meghalaya,male,1983-02-20,2023-06-23,Paid,2024-06-22,Basic,Annual,,,7.56,298,36,0,N,4,0,1202
CUST-1088,Vikram,India,Meghalaya,male,1980-02-16,2021-07-11,Paid,2022-07-11,Basic,Monthly,2025-08-28,Switched to competitor,8.19,406,80,1,Y,1,3,1509
CUST-1089,Suresh,India,Maharashtra,male,1990-05-01,2023-07-04,Paid,2024-07-03,Premium,Monthly,,,23.06,902,37,0,N,5,1,1191
CUST-1090,Sneha,Nepal,Kathmandu,female,1981-03-19,2023-10-07,Organic,2024-10-06,Basic,Monthly,2026-07-14,Too expensive,11.8,391,78,1,N,4,0,1011
CUST-1091,Sneha,India,Telangana,male,1989-06-11,2024-05-15,Refferal,2025-05-15,Basic,Monthly,,,9.88,284,37,0,N,5,1,875
CUST-1092,Rohan,India,Uttar Pradesh,male,1988-01-02,2023-02-02,Organic,2024-02-02,Premium,Annual,,,29.87,1317,7,0,N,5,0,1343
CUST-1093,Vikram,Nepal,Kathmandu,female,1992-12-28,2023-09-22,Paid,2024-09-21,Basic,Monthly,2026-02-28,Service outages,8.85,258,87,1,N,3,1,890
CUST-1094,Suresh,India,Rajasthan,female,2000-08-30,2024-03-29,Organic,2025-03-29,Premium,Monthly,,,24.57,744,20,0,N,5,0,922
CUST-1095,Neha,India,Meghalaya,male,1988-11-20,2023-08-17,Paid,2024-08-16,Premium,Monthly,2024-10-14,Poor customer support,23.24,323,93,1,N,4,1,424
CUST-1096,Pooja,India,Rajasthan,male,2001-05-15,2023-01-05,Paid,2024-01-05,Basic,Monthly,,,7.9,355,2,0,N,4,1,1371
CUST-1097,Anita,India,Karnataka,male,1989-12-16,2024-03-14,Organic,2025-03-14,Basic,Annual,,,7.71,237,26,0,N,3,1,937
CUST-1098,Arjun,India,Nagaland,male,1995-05-26,2023-06-07,Organic,2024-06-06,Standard,Monthly,,,18.66,746,23,0,N,4,0,1218
CUST-1099,Arjun,India,Delhi,female,1998-01-20,2021-07-31,Paid,2022-07-31,Standard,Annual,2026-07-25,Poor customer support,18.91,1130,82,1,Y,2,5,1820
CUST-1100,Aarav,India,Telangana,female,1985-11-03,2020-02-01,Paid,2021-01-31,Basic,Annual,2020-04-30,Switched to competitor,7.21,21,82,1,Y,1,4,89
CUST-1101,Anita,Nepal,Kathmandu,female,2002-08-12,2024-06-19,Paid,2025-06-19,Standard,Annual,,,13.89,383,17,0,N,4,0,840
CUST-1102,Vikram,India,Meghalaya,male,1978-08-06,2020-02-27,Paid,2021-02-26,Basic,Monthly,2025-02-24,Switched to competitor,9.11,545,94,1,N,4,0,1824
CUST-1103,Priya,India,Rajasthan,female,1996-06-26,2023-02-01,Paid,2024-02-01,Premium,Annual,,,21.85,964,22,0,N,5,0,1344
CUST-1104,Sneha,India,Karnataka,female,1977-12-06,2020-11-07,Organic,2021-11-07,Basic,Monthly,2023-02-10,Poor customer support,8.81,238,96,1,N,4,0,825
CUST-1105,Aarav,India,Delhi,female,2000-02-05,2022-12-26,Refferal,2023-12-26,Basic,Annual,2024-09-16,Lack of features,7.64,158,86,1,N,3,1,630
CUST-1106,Karan,India,Delhi,female,2002-03-10,2021-11-20,Refferal,2022-11-20,Basic,Monthly,,,9.27,542,26,0,N,4,0,1782
CUST-1107,Deepak,Nepal,Kathmandu,female,1983-12-30,2023-10-29,Refferal,2024-10-28,Premium,Monthly,,,22.71,801,38,0,N,5,0,1074
CUST-1108,Aarav,India,Telangana,female,1999-07-03,2020-08-22,Refferal,2021-08-22,Standard,Monthly,,,15.1,1109,14,0,N,4,0,2237
CUST-1109,Priya,India,Uttar Pradesh,male,1983-06-23,2021-10-04,Refferal,2022-10-04,Premium,Annual,,,20.93,1257,14,0,N,4,0,1829
CUST-1110,Kavita,Nepal,Kathmandu,female,1975-11-17,2023-02-09,Refferal,2024-02-09,Basic,Monthly,2024-08-31,Too expensive,9.13,170,81,1,N,5,0,569
CUST-1111,Ananya,India,Rajasthan,female,1981-05-10,2023-11-13,Paid,2024-11-12,Basic,Monthly,,,11.91,414,5,0,N,4,0,1059
CUST-1112,Pooja,India,Nagaland,female,1976-07-09,2023-12-02,Refferal,2024-12-01,Basic,Monthly,2024-10-05,Switched to competitor,8.63,87,74,1,N,4,1,308
CUST-1113,Karan,India,Maharashtra,male,1988-07-10,2022-12-13,Refferal,2023-12-13,Standard,Annual,,,18.25,835,4,0,N,3,1,1394
CUST-1114,Pooja,India,Uttar Pradesh,female,1989-11-15,2022-03-12,Organic,2023-03-12,Standard,Annual,2026-07-01,Poor customer support,18.05,932,92,1,N,4,0,1572
CUST-1115,Aarav,India,Telangana,female,1978-10-18,2020-08-26,Organic,2021-08-26,Standard,Monthly,2024-09-20,Service outages,18.7,912,98,1,Y,1,3,1486
CUST-1116,Kavita,India,Karnataka,male,1988-01-16,2023-08-11,Paid,2024-08-10,Basic,Annual,2024-05-29,Too expensive,10.94,104,94,1,N,5,0,292
CUST-1117,Sneha,India,Uttar Pradesh,male,1993-10-07,2020-04-21,Refferal,2021-04-21,Premium,Monthly,,,26.59,2061,4,0,N,5,0,2360
CUST-1118,Sanjay,India,Meghalaya,female,2002-12-01,2023-01-16,Paid,2024-01-16,Basic,Monthly,,,11.27,503,16,0,N,3,0,1360
CUST-1119,Arjun,India,Telangana,female,2002-09-18,2021-04-20,Refferal,2022-04-20,Premium,Annual,,,20.75,1360,2,0,N,4,0,1996
CUST-1120,Priya,India,Nagaland,female,1995-11-29,2020-10-30,Paid,2021-10-30,Basic,Monthly,,,9.3,662,23,0,N,5,1,2168
CUST-1121,Sanjay,India,Meghalaya,male,1988-04-03,2023-08-21,Paid,2024-08-20,Standard,Monthly,,,18.93,710,4,0,N,4,0,1143
CUST-1122,Swati,India,Uttar Pradesh,female,2003-05-09,2020-10-16,Paid,2021-10-16,Basic,Monthly,,,10.84,777,20,0,N,4,0,2182
CUST-1123,Anita,India,Maharashtra,male,1985-08-03,2020-07-26,Refferal,2021-07-26,Standard,Monthly,,,18.76,1395,17,0,N,4,1,2264
CUST-1124,Swati,India,Maharashtra,male,1985-05-21,2022-05-17,Paid,2023-05-17,Standard,Monthly,,,17.67,931,6,0,Y,2,3,1604
CUST-1125,Arjun,India,Nagaland,male,1995-03-10,2021-08-04,Organic,2022-08-04,Standard,Monthly,,,18.24,1132,18,0,N,5,1,1890
CUST-1126,Neha,India,Delhi,male,1981-11-18,2021-01-04,Paid,2022-01-04,Standard,Monthly,,,17.23,1189,20,0,N,5,0,2102
CUST-1127,Karan,India,Karnataka,male,1985-05-31,2020-08-07,Organic,2021-08-07,Standard,Monthly,2023-05-17,Service outages,17.55,584,96,1,Y,2,2,1013
CUST-1128,Arjun,India,Delhi,male,1981-05-16,2023-06-08,Refferal,2024-06-07,Standard,Monthly,,,16.13,644,39,0,N,5,0,1217
CUST-1129,Priya,India,Maharashtra,male,1999-02-13,2022-03-12,Paid,2023-03-12,Premium,Monthly,2024-10-09,Lack of features,29.23,904,82,1,N,4,0,942
CUST-1130,Riya,India,Maharashtra,male,1980-12-05,2022-03-29,Paid,2023-03-29,Basic,Monthly,,,11.12,603,41,0,Y,1,3,1653
CUST-1131,Sanjay,India,Rajasthan,male,1984-01-22,2020-12-14,Refferal,2021-12-14,Standard,Annual,,,18.05,1258,34,0,N,4,0,2123
CUST-1132,Ananya,India,Meghalaya,male,1992-08-31,2020-09-11,Refferal,2021-09-11,Standard,Monthly,,,17.03,1240,40,0,N,4,1,2217
CUST-1133,Suresh,India,Uttar Pradesh,male,1997-02-01,2021-03-27,Refferal,2022-03-27,Basic,Annual,,,8.51,564,24,0,N,5,0,2020
CUST-1134,Suresh,India,Karnataka,female,1995-12-04,2020-05-21,Paid,2021-05-21,Standard,Annual,2024-07-15,Poor customer support,13.2,657,87,1,N,4,0,1516
CUST-1135,Priya,India,Nagaland,male,1992-07-14,2022-12-28,Paid,2023-12-28,Basic,Annual,,,11.67,528,30,0,N,5,0,1379
CUST-1136,Priya,India,Uttar Pradesh,male,1977-09-19,2020-03-29,Organic,2021-03-29,Basic,Monthly,,,9.92,776,1,0,N,3,1,2383
CUST-1137,Amit,India,Rajasthan,male,1989-11-07,2022-05-20,Paid,2023-05-20,Basic,Monthly,,,8.48,446,23,0,N,5,1,1601
CUST-1138,Karan,India,Maharashtra,male,2001-03-14,2023-03-05,Paid,2024-03-04,Basic,Monthly,2026-05-02,Lack of features,7.74,293,98,1,N,4,0,1154
CUST-1139,Anita,India,Nagaland,female,1986-12-30,2021-06-06,Paid,2022-06-06,Standard,Annual,,,17.97,1150,41,0,N,4,0,1949
CUST-1140,Amit,India,Maharashtra,female,1983-09-10,2021-10-21,Refferal,2022-10-21,Standard,Monthly,2021-12-26,Service outages,18.01,39,78,1,N,4,0,66
CUST-1141,Pooja,India,Karnataka,female,1988-02-04,2022-08-08,Refferal,2023-08-08,Premium,Annual,,,28.14,1406,32,0,N,4,1,1521
CUST-1142,Neha,India,Meghalaya,female,2001-01-01,2022-06-28,Paid,2023-06-28,Standard,Annual,,,16.86,865,2,0,N,4,1,1562
CUST-1143,Sneha,India,Uttar Pradesh,female,1990-03-23,2021-03-17,Paid,2022-03-17,Basic,Monthly,2026-03-30,Lack of features,8.82,532,85,1,N,4,0,1839
CUST-1144,Sneha,India,Uttar Pradesh,male,1995-06-05,2020-02-07,Paid,2021-02-06,Premium,Monthly,2023-08-02,Lack of features,23.03,962,73,1,Y,2,3,1272
CUST-1145,Neha,India,Delhi,male,1983-06-06,2023-05-16,Paid,2024-05-15,Premium,Annual,2023-08-11,Too expensive,20.08,57,82,1,Y,3,2,87
CUST-1146,Deepak,India,Nagaland,male,1983-03-03,2020-07-28,Paid,2021-07-28,Standard,Monthly,2023-07-09,Lack of features,17.99,635,86,1,N,5,0,1076
CUST-1147,Arjun,India,Rajasthan,male,1994-11-16,2021-05-27,Organic,2022-05-27,Standard,Monthly,,,13.51,869,43,0,N,5,0,1959
CUST-1148,Divya,India,Delhi,female,1991-07-30,2023-10-15,Paid,2024-10-14,Premium,Annual,2025-12-30,Service outages,26.3,697,92,1,Y,3,3,807
CUST-1149,Amit,India,Karnataka,female,1981-11-28,2024-05-19,Paid,2025-05-19,Standard,Monthly,,,16.01,458,2,0,N,3,0,871
CUST-1150,Riya,India,Rajasthan,male,2001-06-30,2022-10-21,Organic,2023-10-21,Premium,Annual,,,25.26,1200,4,0,Y,1,5,1447
CUST-1151,Sanjay,India,Meghalaya,female,2003-03-07,2022-09-07,Paid,2023-09-07,Basic,Annual,,,11.62,569,44,0,Y,3,2,1491
CUST-1152,Neha,India,Meghalaya,female,1987-07-18,2021-01-15,Refferal,2022-01-15,Basic,Annual,2023-11-22,Too expensive,7.15,244,71,1,Y,1,4,1041
CUST-1153,Sunita,India,Meghalaya,male,1990-05-11,2022-04-07,Paid,2023-04-07,Standard,Monthly,,,17.63,952,1,0,N,5,0,1644
CUST-1154,Aarav,India,Meghalaya,male,1980-06-24,2024-04-09,Paid,2025-04-09,Standard,Monthly,2025-09-21,Too expensive,13.3,231,92,1,N,4,0,530
CUST-1155,Arjun,India,Delhi,male,1978-10-19,2022-05-08,Organic,2023-05-08,Premium,Monthly,,,20.37,1079,6,0,N,5,0,1613
CUST-1156,Neha,India,Telangana,male,1992-12-09,2021-01-28,Refferal,2022-01-28,Premium,Monthly,,,24.29,1658,16,0,N,4,1,2078
CUST-1157,Amit,India,Rajasthan,male,1977-10-27,2022-12-09,Paid,2023-12-09,Basic,Monthly,,,7.31,335,2,0,Y,3,3,1398
CUST-1158,Riya,India,Nagaland,male,2002-04-06,2021-01-30,Refferal,2022-01-30,Basic,Monthly,,,10.94,746,12,0,N,5,0,2076
CUST-1159,Riya,India,Karnataka,male,1978-05-05,2020-02-01,Organic,2021-01-31,Premium,Monthly,2023-08-28,Switched to competitor,25.29,1083,96,1,Y,1,5,1304
CUST-1160,Priya,Nepal,Kathmandu,male,1991-07-11,2021-06-28,Paid,2022-06-28,Standard,Monthly,2024-08-10,Too expensive,13.16,492,88,1,N,3,1,1139
CUST-1161,Meera,India,Maharashtra,female,2001-11-10,2021-12-12,Refferal,2022-12-12,Basic,Annual,,,7.19,415,28,0,N,5,1,1760
CUST-1162,Priya,India,Nagaland,female,2000-11-20,2023-06-11,Organic,2024-06-10,Standard,Monthly,2026-02-10,Poor customer support,16.67,533,72,1,N,3,0,975
CUST-1163,Karan,India,Maharashtra,female,1992-11-10,2022-11-15,Paid,2023-11-15,Standard,Monthly,2026-01-01,Service outages,17.83,669,88,1,Y,2,5,1143
CUST-1164,Swati,India,Rajasthan,male,1997-02-08,2024-04-26,Refferal,2025-04-26,Premium,Annual,2025-09-15,Lack of features,24.37,405,80,1,Y,1,3,507
CUST-1165,Karan,India,Nagaland,male,1999-10-25,2023-12-28,Refferal,2024-12-27,Standard,Annual,2025-05-19,Switched to competitor,16.32,272,73,1,N,4,0,508
CUST-1166,Neha,India,Meghalaya,female,1977-04-14,2022-12-20,Refferal,2023-12-20,Basic,Monthly,2025-03-12,Too expensive,10.99,293,86,1,N,5,0,813
CUST-1167,Pooja,India,Meghalaya,male,1999-12-11,2021-07-06,Paid,2022-07-06,Premium,Monthly,,,26.1,1645,7,0,N,4,0,1919
CUST-1168,Rajesh,Nepal,Kathmandu,male,1979-09-21,2024-01-04,Paid,2025-01-03,Standard,Monthly,,,14.34,474,37,0,N,5,1,1007
CUST-1169,Rahul,India,Maharashtra,female,1993-01-24,2023-02-27,Refferal,2024-02-27,Standard,Annual,,,16.67,721,25,0,N,4,0,1318
CUST-1170,Kavita,India,Karnataka,female,1981-08-10,2023-10-09,Paid,2024-10-08,Basic,Annual,2024-11-19,Poor customer support,10.13,135,90,1,N,3,0,407
CUST-1171,Suresh,India,Rajasthan,male,2001-01-09,2020-07-16,Paid,2021-07-16,Standard,Annual,,,17.39,1299,41,0,N,4,0,2274
CUST-1172,Divya,India,Meghalaya,male,1991-05-30,2022-03-09,Paid,2023-03-09,Basic,Monthly,,,10.09,554,17,0,Y,2,3,1673
CUST-1173,Neha,India,Telangana,male,1987-04-26,2021-11-24,Paid,2022-11-24,Basic,Monthly,2022-12-15,Lack of features,11.84,150,99,1,N,5,1,386
CUST-1174,Rahul,India,Delhi,male,1980-10-06,2023-10-26,Organic,2024-10-25,Standard,Monthly,,,14.17,501,41,0,N,5,0,1077
CUST-1175,Kavita,India,Delhi,male,1982-01-12,2020-05-26,Paid,2021-05-26,Basic,Annual,,,11.75,897,14,0,N,3,1,2325
CUST-1176,Amit,India,Karnataka,male,2000-07-18,2021-05-12,Organic,2022-05-12,Standard,Annual,2025-08-14,Service outages,16.22,828,74,1,N,5,0,1555
CUST-1177,Deepak,India,Delhi,male,1975-07-29,2020-02-17,Paid,2021-02-16,Basic,Annual,,,10.35,824,2,0,N,5,1,2424
CUST-1178,Aarav,India,Maharashtra,female,2000-05-05,2022-02-08,Refferal,2023-02-08,Standard,Monthly,2025-09-06,Switched to competitor,13.59,583,93,1,N,4,0,1306
CUST-1179,Divya,India,Meghalaya,female,1988-06-12,2021-10-12,Paid,2022-10-12,Basic,Monthly,,,8.89,531,15,0,N,4,0,1821
CUST-1180,Karan,India,Meghalaya,female,1981-01-29,2023-04-10,Refferal,2024-04-09,Basic,Monthly,2024-02-06,Lack of features,10.84,107,85,1,N,5,0,302
CUST-1181,Manish,India,Telangana,male,1975-08-22,2021-09-04,Refferal,2022-09-04,Basic,Annual,2024-11-28,Switched to competitor,10.52,408,88,1,N,5,1,1181
CUST-1182,Divya,India,Nagaland,male,1977-03-03,2021-11-29,Paid,2022-11-29,Premium,Annual,,,20.39,1187,33,0,Y,1,3,1773
CUST-1183,Priya,India,Delhi,male,1983-07-08,2023-08-31,Organic,2024-08-30,Premium,Monthly,,,25.46,947,12,0,N,4,0,1133
CUST-1184,Kavita,India,Maharashtra,male,1980-12-06,2021-01-10,Paid,2022-01-10,Basic,Monthly,,,7.43,511,19,0,N,5,0,2096
CUST-1185,Deepak,India,Uttar Pradesh,male,1998-05-06,2022-03-16,Refferal,2023-03-16,Premium,Monthly,,,29.95,1639,5,0,N,5,0,1666
CUST-1186,Aarav,India,Delhi,female,2001-02-24,2022-07-09,Organic,2023-07-09,Standard,Monthly,2024-09-06,Switched to competitor,18.37,476,70,1,N,4,1,790
CUST-1187,Kavita,India,Karnataka,female,1989-03-21,2022-05-24,Organic,2023-05-24,Premium,Annual,2025-02-23,Lack of features,20.2,667,80,1,N,3,1,1006
CUST-1188,Deepak,India,Nagaland,female,1978-04-29,2024-04-05,Organic,2025-04-05,Basic,Monthly,,,11.28,339,9,0,N,4,1,915
CUST-1189,Suresh,India,Delhi,male,1987-02-06,2022-03-20,Paid,2023-03-20,Standard,Annual,,,18.51,1010,39,0,Y,1,3,1662
CUST-1190,Neha,India,Maharashtra,female,1995-01-10,2023-12-14,Paid,2024-12-13,Basic,Monthly,2025-05-31,Too expensive,8.76,153,71,1,N,4,1,534
CUST-1191,Arjun,India,Delhi,male,1998-03-16,2022-06-23,Paid,2023-06-23,Basic,Annual,2026-08-13,Switched to competitor,10.59,526,98,1,N,3,0,1512
CUST-1192,Manish,India,Karnataka,male,1975-08-01,2023-11-20,Refferal,2024-11-19,Premium,Monthly,,,24.41,843,2,0,Y,3,4,1052
CUST-1193,Arjun,India,Uttar Pradesh,male,1979-07-17,2024-03-25,Refferal,2025-03-25,Standard,Annual,,,16.92,514,19,0,N,4,1,926
CUST-1194,Rahul,India,Rajasthan,female,1988-10-03,2023-04-25,Paid,2024-04-24,Basic,Monthly,2024-08-27,Too expensive,8.69,139,97,1,Y,1,5,490
CUST-1195,Manish,Nepal,Kathmandu,female,2001-04-23,2022-10-02,Refferal,2023-10-02,Basic,Monthly,2025-04-10,Poor customer support,8.6,260,72,1,Y,1,5,921
CUST-1196,Rahul,India,Uttar Pradesh,male,2003-12-18,2020-02-02,Paid,2021-02-01,Standard,Monthly,,,15.54,1245,40,0,N,5,0,2439
CUST-1197,Pooja,India,Delhi,female,1991-03-15,2020-03-09,Paid,2021-03-09,Standard,Monthly,,,13.86,1094,22,0,N,4,1,2403
CUST-1198,Anita,India,Meghalaya,female,1989-01-28,2021-08-14,Refferal,2022-08-14,Basic,Monthly,,,11.15,688,4,0,N,5,0,1880
CUST-1199,Manish,India,Telangana,male,1979-11-30,2023-04-29,Paid,2024-04-28,Premium,Monthly,2025-06-10,Too expensive,23.48,596,77,1,N,5,1,773
CUST-1200,Rahul,India,Meghalaya,male,1991-05-25,2020-04-10,Organic,2021-04-10,Basic,Annual,2022-08-18,Switched to competitor,8.99,253,97,1,N,3,1,860
CUST-1201,Rohan,India,Uttar Pradesh,male,1997-09-18,2024-02-17,Paid,2025-02-16,Basic,Monthly,2026-08-08,Lack of features,11.46,339,70,1,Y,2,3,903
CUST-1202,Anita,India,Meghalaya,female,1990-04-10,2023-08-01,Refferal,2024-07-31,Premium,Annual,,,24.96,953,36,0,Y,1,3,1163
CUST-1203,Amit,India,Maharashtra,male,1990-03-14,2022-07-02,Paid,2023-07-02,Basic,Annual,,,9.71,496,7,0,N,5,0,1558
CUST-1204,Sneha,India,Meghalaya,female,1985-07-12,2022-01-02,Paid,2023-01-02,Basic,Monthly,,,11.77,672,25,0,N,5,0,1739
CUST-1205,Ananya,India,Nagaland,male,1993-11-28,2021-01-24,Refferal,2022-01-24,Standard,Annual,,,18.31,1252,29,0,N,4,0,2082
CUST-1206,Vikram,India,Rajasthan,female,1976-01-14,2024-05-07,Organic,2025-05-07,Premium,Monthly,2025-04-08,Too expensive,21.68,239,70,1,N,5,0,336
CUST-1207,Sunita,India,Delhi,male,1984-01-07,2020-06-08,Paid,2021-06-08,Basic,Monthly,2025-09-16,Too expensive,9.36,592,93,1,Y,1,5,1926
CUST-1208,Ananya,India,Meghalaya,female,1984-02-12,2022-06-10,Paid,2023-06-10,Premium,Monthly,,,29.7,1541,18,0,N,4,1,1580
CUST-1209,Rajesh,India,Karnataka,female,1988-03-01,2024-04-26,Refferal,2025-04-26,Premium,Annual,,,23.71,696,4,0,N,5,0,894
CUST-1210,Amit,India,Rajasthan,female,1996-09-24,2022-12-06,Paid,2023-12-06,Basic,Monthly,,,8.85,407,20,0,N,5,0,1401
CUST-1211,Riya,India,Rajasthan,female,1975-08-13,2023-03-28,Organic,2024-03-27,Standard,Monthly,,,14.16,599,8,0,Y,3,2,1289
CUST-1212,Suresh,India,Meghalaya,male,1977-01-07,2024-01-09,Refferal,2025-01-08,Basic,Monthly,2026-03-29,Lack of features,7.56,201,96,1,N,3,0,810
CUST-1213,Kavita,India,Rajasthan,female,1975-08-24,2021-11-26,Paid,2022-11-26,Standard,Annual,2025-09-30,Too expensive,17.43,803,87,1,Y,1,4,1404
CUST-1214,Swati,India,Telangana,male,1976-12-12,2022-01-27,Paid,2023-01-27,Premium,Monthly,2026-01-11,Service outages,27.69,1314,76,1,N,4,1,1445
CUST-1215,Vikram,India,Meghalaya,male,1991-05-25,2021-06-06,Refferal,2022-06-06,Premium,Annual,,,29.68,1900,35,0,Y,2,5,1949
CUST-1216,Anita,India,Maharashtra,female,1980-03-03,2022-01-01,Paid,2023-01-01,Basic,Annual,,,10.86,620,25,0,N,3,0,1740
CUST-1217,Sneha,India,Uttar Pradesh,male,1994-08-22,2020-06-03,Refferal,2021-06-03,Standard,Annual,2025-11-11,Service outages,14.45,943,90,1,N,4,0,1987
CUST-1218,Manish,India,Nagaland,male,1978-06-13,2020-12-04,Paid,2021-12-04,Standard,Annual,,,13.23,927,14,0,N,3,1,2133
CUST-1219,Swati,Nepal,Kathmandu,female,1989-05-13,2023-10-20,Refferal,2024-10-19,Basic,Annual,,,11.92,424,44,0,N,4,1,1083
CUST-1220,Aarav,India,Rajasthan,male,1994-11-28,2022-03-05,Paid,2023-03-05,Basic,Monthly,2022-12-03,Too expensive,8.69,77,84,1,Y,2,4,273
CUST-1221,Rajesh,India,Maharashtra,female,1977-01-18,2024-05-16,Organic,2025-05-16,Basic,Monthly,,,8.55,245,40,0,N,5,1,874
CUST-1222,Amit,India,Delhi,male,1984-09-21,2023-03-17,Paid,2024-03-16,Standard,Monthly,,,18.43,787,31,0,N,3,0,1300
CUST-1223,Kavita,India,Delhi,male,1992-07-10,2022-06-17,Paid,2023-06-17,Standard,Monthly,,,16.5,852,5,0,N,5,0,1573
CUST-1224,Sunita,India,Nagaland,male,1993-03-10,2023-03-13,Organic,2024-03-12,Basic,Monthly,,,8.06,345,17,0,N,4,0,1304
CUST-1225,Manish,India,Rajasthan,female,1998-10-28,2020-04-12,Paid,2021-04-12,Premium,Monthly,,,28.88,2247,10,0,N,5,1,2369
CUST-1226,Rajesh,India,Telangana,female,1979-12-29,2022-03-22,Paid,2023-03-22,Premium,Monthly,,,29.92,1631,43,0,N,5,0,1660
CUST-1227,Vikram,India,Nagaland,female,1993-10-05,2020-04-02,Paid,2021-04-02,Standard,Annual,,,13.51,1055,16,0,N,5,0,2379
CUST-1228,Rajesh,India,Rajasthan,female,1996-04-17,2022-09-01,Paid,2023-09-01,Basic,Monthly,2025-02-10,Too expensive,11.3,331,85,1,N,5,0,893
CUST-1229,Anita,India,Maharashtra,male,1986-08-03,2023-08-02,Organic,2024-08-01,Standard,Annual,,,15.33,585,4,0,Y,2,2,1162
CUST-1230,Rahul,India,Uttar Pradesh,male,1992-11-06,2023-12-18,Refferal,2024-12-17,Basic,Monthly,2026-04-29,Lack of features,9.61,272,92,1,Y,2,2,863
CUST-1231,Rajesh,India,Telangana,female,2003-04-10,2020-04-28,Paid,2021-04-28,Basic,Annual,2024-03-18,Lack of features,11.56,539,74,1,Y,3,4,1420
CUST-1232,Anita,Nepal,Kathmandu,male,1979-11-13,2020-01-29,Refferal,2021-01-28,Standard,Annual,,,18.83,1511,42,0,Y,3,3,2443
CUST-1233,Kavita,India,Delhi,male,1978-05-07,2022-10-09,Refferal,2023-10-09,Basic,Monthly,2023-05-07,Switched to competitor,8.3,57,83,1,N,3,1,210
CUST-1234,Kavita,India,Karnataka,male,1995-11-22,2024-03-14,Organic,2025-03-14,Basic,Monthly,2024-07-15,Poor customer support,8.05,32,78,1,Y,3,2,123
CUST-1235,Neha,India,Maharashtra,female,1979-11-13,2022-11-19,Paid,2023-11-19,Basic,Monthly,2024-02-14,Too expensive,7.39,109,87,1,Y,1,4,452
CUST-1236,Rajesh,India,Delhi,female,2000-12-31,2022-05-21,Refferal,2023-05-21,Basic,Monthly,2025-08-26,Switched to competitor,9.8,384,89,1,N,5,0,1193
CUST-1237,Vikram,India,Meghalaya,male,1995-07-05,2023-10-21,Refferal,2024-10-20,Basic,Annual,,,7.06,250,6,0,N,4,0,1082
CUST-1238,Aarav,India,Karnataka,male,1988-04-21,2022-03-10,Paid,2023-03-10,Premium,Annual,,,24.11,1324,11,0,N,5,0,1672
CUST-1239,Sanjay,India,Delhi,female,1999-05-08,2023-03-07,Paid,2024-03-06,Basic,Monthly,,,7.36,316,17,0,N,4,1,1310
CUST-1240,Deepak,India,Nagaland,female,1997-03-24,2021-04-19,Paid,2022-04-19,Basic,Monthly,2024-08-10,Service outages,9.02,358,78,1,Y,1,5,1209
CUST-1241,Suresh,India,Telangana,male,1983-03-09,2021-07-16,Refferal,2022-07-16,Basic,Monthly,,,7.19,450,3,0,Y,1,3,1909
CUST-1242,Swati,India,Delhi,female,1997-11-04,2023-11-16,Paid,2024-11-15,Premium,Monthly,,,28.34,983,16,0,N,5,1,1056
CUST-1243,Suresh,Nepal,Kathmandu,male,1978-08-18,2021-03-10,Organic,2022-03-10,Standard,Annual,,,14.25,953,36,0,N,3,1,2037
CUST-1244,Rajesh,India,Uttar Pradesh,male,2000-12-28,2022-03-14,Paid,2023-03-14,Basic,Monthly,2022-08-25,Poor customer support,8.63,46,95,1,N,4,1,164
CUST-1245,Sanjay,India,Nagaland,female,2002-02-11,2023-06-11,Refferal,2024-06-10,Premium,Monthly,,,28.69,1144,24,0,N,4,1,1214
CUST-1246,Meera,India,Maharashtra,female,1989-01-14,2020-02-24,Organic,2021-02-23,Basic,Monthly,2023-09-10,Lack of features,10.72,455,91,1,Y,2,3,1294
CUST-1247,Neha,India,Maharashtra,male,1999-08-21,2022-07-19,Refferal,2023-07-19,Basic,Monthly,,,8.09,409,34,0,N,4,0,1541
CUST-1248,Suresh,India,Maharashtra,female,1982-06-15,2023-08-08,Organic,2024-08-07,Basic,Annual,,,7.35,279,20,0,N,3,0,1156
CUST-1249,Sunita,India,Maharashtra,female,1987-10-01,2022-01-21,Organic,2023-01-21,Basic,Monthly,,,10.57,597,17,0,N,3,0,1720
CUST-1250,Aarav,India,Uttar Pradesh,female,1978-08-18,2020-11-07,Paid,2021-11-07,Basic,Annual,,,8.94,634,20,0,N,5,0,2160
CUST-1251,Divya,India,Delhi,female,1986-04-26,2024-04-20,Refferal,2025-04-20,Standard,Annual,,,17.59,520,16,0,N,4,1,900
CUST-1252,Suresh,India,Rajasthan,female,2000-08-08,2023-01-17,Paid,2024-01-17,Basic,Monthly,2024-12-17,Poor customer support,9.22,212,93,1,N,5,0,700
CUST-1253,Arjun,India,Delhi,male,1982-11-09,2023-05-20,Refferal,2024-05-19,Standard,Monthly,2026-09-15,Service outages,15.07,601,88,1,N,5,0,1214
CUST-1254,Sunita,India,Meghalaya,male,1978-05-27,2022-08-14,Paid,2023-08-14,Basic,Annual,2023-01-11,Service outages,9.25,45,90,1,N,3,1,150
CUST-1255,Ananya,India,Telangana,male,1998-05-19,2020-11-13,Refferal,2021-11-13,Basic,Annual,2024-11-30,Poor customer support,10.73,520,86,1,N,5,0,1478
CUST-1256,Kavita,India,Karnataka,male,1980-01-06,2022-01-26,Refferal,2023-01-26,Standard,Annual,,,18.4,1036,4,0,N,5,0,1715
CUST-1257,Rajesh,India,Rajasthan,female,1979-04-19,2021-04-09,Paid,2022-04-09,Premium,Monthly,,,20.49,1350,18,0,N,3,0,2007
CUST-1258,Sunita,India,Rajasthan,male,1994-11-03,2023-01-15,Paid,2024-01-15,Basic,Annual,,,9.61,429,36,0,N,4,1,1361
CUST-1259,Sneha,India,Delhi,male,1980-04-02,2023-12-03,Organic,2024-12-02,Standard,Monthly,,,13.19,450,35,0,N,3,1,1039
CUST-1260,Suresh,India,Rajasthan,male,1992-07-26,2023-06-17,Paid,2024-06-16,Basic,Annual,,,9.33,370,30,0,Y,1,5,1208
CUST-1261,Priya,India,Meghalaya,male,1983-11-07,2021-11-30,Paid,2022-11-30,Basic,Annual,2023-07-19,Lack of features,11.42,223,91,1,N,5,0,596
CUST-1262,Aarav,India,Karnataka,male,1985-04-16,2022-12-16,Paid,2023-12-16,Basic,Monthly,,,8.8,402,18,0,N,4,1,1391
CUST-1263,Neha,Nepal,Kathmandu,female,1991-06-03,2023-02-10,Organic,2024-02-10,Basic,Annual,,,11.65,510,21,0,N,4,0,1335
CUST-1264,Deepak,India,Uttar Pradesh,male,1981-06-13,2022-01-04,Organic,2023-01-04,Basic,Monthly,2022-12-21,Service outages,10.14,116,89,1,N,5,0,351
CUST-1265,Vikram,India,Delhi,female,2001-04-03,2022-12-29,Refferal,2023-12-29,Basic,Annual,2026-01-14,Service outages,11.66,425,74,1,Y,2,2,1112
CUST-1266,Rohan,India,Uttar Pradesh,female,1979-12-30,2022-01-08,Organic,2023-01-08,Premium,Monthly,2022-04-05,Switched to competitor,27.56,78,98,1,Y,1,4,87
CUST-1267,Pooja,Nepal,Kathmandu,male,1994-12-07,2022-02-06,Paid,2023-02-06,Basic,Annual,,,7.51,420,41,0,N,5,1,1704
CUST-1268,Pooja,India,Delhi,male,1986-02-12,2023-04-22,Organic,2024-04-21,Standard,Monthly,,,14.38,597,23,0,N,4,0,1264
CUST-1269,Suresh,India,Delhi,male,1989-07-30,2022-01-13,Paid,2023-01-13,Basic,Annual,2025-09-20,Too expensive,8.96,396,99,1,Y,3,5,1346
CUST-1270,Divya,India,Karnataka,female,1976-02-09,2020-10-02,Paid,2021-10-02,Standard,Monthly,2023-06-19,Too expensive,14.01,455,96,1,Y,1,5,990
CUST-1271,Ananya,India,Uttar Pradesh,female,1979-09-18,2020-08-20,Paid,2021-08-20,Standard,Monthly,2023-06-05,Poor customer support,15.96,534,93,1,N,4,0,1019
CUST-1272,Aarav,India,Maharashtra,male,1989-07-22,2020-02-23,Refferal,2021-02-22,Basic,Monthly,,,9.35,742,15,0,N,3,0,2418
CUST-1273,Deepak,India,Uttar Pradesh,female,1985-07-12,2020-09-13,Refferal,2021-09-13,Basic,Annual,,,11.77,856,41,0,N,5,1,2215
CUST-1274,Deepak,India,Telangana,female,1986-07-12,2020-03-30,Paid,2021-03-30,Standard,Monthly,2022-05-20,Service outages,15.59,399,83,1,N,4,0,781
CUST-1275,Sunita,India,Telangana,male,1975-03-06,2023-12-29,Organic,2024-12-28,Premium,Monthly,2025-08-03,Poor customer support,27.85,533,90,1,N,4,0,583
CUST-1276,Vikram,India,Delhi,male,2000-12-26,2021-02-11,Paid,2022-02-11,Basic,Monthly,2022-10-19,Lack of features,11.7,236,93,1,Y,1,4,615
CUST-1277,Neha,India,Maharashtra,female,1992-06-22,2023-07-16,Paid,2024-07-15,Basic,Annual,,,11.37,440,34,0,Y,1,4,1179
CUST-1278,Aarav,India,Nagaland,female,2001-04-21,2020-12-31,Paid,2021-12-31,Premium,Monthly,2026-09-14,Switched to competitor,22.08,1510,95,1,N,4,1,2083
CUST-1279,Deepak,Nepal,Kathmandu,female,1977-08-26,2020-12-16,Refferal,2021-12-16,Basic,Monthly,,,9.47,659,25,0,N,4,0,2121
CUST-1280,Rohan,India,Meghalaya,female,1976-01-04,2023-08-15,Organic,2024-08-14,Standard,Monthly,2025-02-16,Too expensive,15.08,272,87,1,N,4,0,551
CUST-1281,Swati,India,Maharashtra,female,1998-01-24,2023-03-28,Paid,2024-03-27,Basic,Monthly,,,8.99,380,31,0,N,5,0,1289
CUST-1282,Deepak,India,Meghalaya,male,1981-02-20,2021-05-01,Refferal,2022-05-01,Basic,Monthly,,,8.79,573,6,0,N,5,0,1985
CUST-1283,Neha,India,Uttar Pradesh,female,1988-09-11,2022-04-21,Paid,2023-04-21,Standard,Monthly,,,17.95,961,4,0,N,5,0,1630
CUST-1284,Kavita,India,Uttar Pradesh,female,1983-06-11,2022-09-10,Refferal,2023-09-10,Standard,Annual,2024-02-18,Too expensive,15.7,271,93,1,Y,1,4,526
CUST-1285,Arjun,India,Meghalaya,female,1997-02-07,2024-03-29,Organic,2025-03-29,Basic,Annual,2024-11-01,Service outages,9.61,68,79,1,N,4,0,217
CUST-1286,Karan,Nepal,Kathmandu,male,1999-12-13,2023-10-10,Paid,2024-10-09,Standard,Monthly,2025-02-14,Service outages,18.88,305,88,1,Y,2,2,493
CUST-1287,Rohan,India,Maharashtra,male,1999-04-25,2021-09-12,Organic,2022-09-12,Premium,Monthly,,,20.59,1252,11,0,N,5,0,1851
CUST-1288,Suresh,India,Nagaland,male,1979-01-09,2022-07-18,Refferal,2023-07-18,Standard,Annual,,,15.92,806,29,0,N,4,0,1542
CUST-1289,Aarav,India,Delhi,male,1987-12-09,2021-02-04,Paid,2022-02-04,Basic,Monthly,2024-04-17,Lack of features,10.86,416,74,1,N,4,0,1168
CUST-1290,Arjun,India,Karnataka,male,1986-08-30,2023-11-29,Organic,2024-11-28,Standard,Annual,,,13.9,476,18,0,Y,1,5,1043
CUST-1291,Neha,India,Uttar Pradesh,female,1984-12-01,2023-01-24,Paid,2024-01-24,Standard,Monthly,2024-10-26,Too expensive,16.66,350,72,1,Y,1,5,641
CUST-1292,Ananya,India,Telangana,female,2003-03-07,2021-07-23,Paid,2022-07-23,Premium,Monthly,,,22.38,1398,40,0,N,5,0,1902
CUST-1293,Rohan,Nepal,Kathmandu,male,2003-08-19,2022-09-01,Paid,2023-09-01,Standard,Monthly,,,18.19,894,11,0,N,3,0,1497
CUST-1294,Swati,India,Karnataka,female,1977-04-03,2021-01-26,Paid,2022-01-26,Basic,Annual,2024-05-08,Too expensive,8.63,339,90,1,N,4,0,1198
CUST-1295,Divya,India,Nagaland,male,1984-05-24,2020-12-17,Organic,2021-12-17,Standard,Monthly,2021-07-31,Lack of features,14.96,111,99,1,N,4,0,226
CUST-1296,Swati,India,Rajasthan,male,1992-11-15,2022-03-16,Refferal,2023-03-16,Standard,Monthly,2023-12-08,Lack of features,16.58,344,88,1,Y,2,2,632
CUST-1297,Divya,India,Delhi,male,1986-05-14,2021-07-29,Organic,2022-07-29,Basic,Monthly,,,7.91,492,25,0,N,4,0,1896
CUST-1298,Amit,India,Uttar Pradesh,male,1986-07-15,2022-02-15,Paid,2023-02-15,Standard,Annual,2022-07-30,Lack of features,14.7,79,72,1,Y,1,3,165
CUST-1299,Meera,India,Delhi,male,1995-04-26,2021-09-24,Paid,2022-09-24,Basic,Annual,2023-03-05,Switched to competitor,9.07,157,81,1,Y,3,2,527
CUST-1300,Priya,India,Karnataka,male,1999-08-12,2023-08-04,Paid,2024-08-03,Standard,Monthly,2024-09-05,Switched to competitor,15.11,197,84,1,N,5,0,398
CUST-1301,Anita,India,Delhi,male,1977-02-18,2021-06-06,Refferal,2022-06-06,Basic,Monthly,,,9.61,615,26,0,N,3,0,1949
CUST-1302,Karan,India,Rajasthan,female,1982-12-02,2021-12-26,Organic,2022-12-26,Standard,Annual,,,16.59,951,5,0,N,5,1,1746
CUST-1303,Kavita,India,Karnataka,male,1990-02-25,2020-06-10,Refferal,2021-06-10,Premium,Monthly,2022-10-07,Too expensive,25.66,715,88,1,N,3,1,849
CUST-1304,Manish,India,Uttar Pradesh,female,2002-08-12,2024-06-28,Paid,2025-06-28,Premium,Monthly,2025-12-13,Lack of features,26.53,464,96,1,N,4,0,533
CUST-1305,Divya,India,Maharashtra,female,1984-01-20,2021-10-20,Organic,2022-10-20,Premium,Monthly,2022-12-11,Poor customer support,23.07,316,75,1,Y,1,4,417
CUST-1306,Deepak,India,Telangana,female,1982-12-12,2023-04-20,Refferal,2024-04-19,Premium,Annual,,,21.25,883,29,0,N,4,1,1266
CUST-1307,Meera,India,Karnataka,female,1985-03-07,2022-04-29,Paid,2023-04-29,Basic,Monthly,,,10.79,574,12,0,N,4,1,1622
CUST-1308,Sunita,India,Rajasthan,male,1975-01-22,2024-04-21,Organic,2025-04-21,Standard,Annual,,,18.09,534,19,0,N,4,0,899
CUST-1309,Vikram,India,Karnataka,male,1979-02-09,2020-03-22,Paid,2021-03-22,Standard,Monthly,,,14.53,1140,9,0,N,5,1,2390
CUST-1310,Pooja,India,Karnataka,female,1999-09-26,2021-06-07,Paid,2022-06-07,Premium,Monthly,,,24.06,1539,18,0,N,5,0,1948
CUST-1311,Vikram,India,Uttar Pradesh,male,2002-04-01,2020-01-04,Paid,2021-01-03,Basic,Annual,,,9.48,768,29,0,N,5,1,2468
CUST-1312,Aarav,India,Karnataka,female,1984-12-20,2021-05-09,Paid,2022-05-09,Premium,Monthly,,,25.32,1644,3,0,N,4,1,1977
CUST-1313,Deepak,India,Telangana,female,1989-04-09,2024-04-27,Paid,2025-04-27,Standard,Monthly,2026-02-03,Service outages,16.95,360,92,1,N,3,0,647
CUST-1314,Manish,India,Delhi,female,1975-07-11,2022-12-10,Paid,2023-12-10,Premium,Annual,,,20.41,936,30,0,Y,2,5,1397
CUST-1315,Suresh,India,Uttar Pradesh,female,1998-07-06,2023-07-08,Paid,2024-07-07,Basic,Annual,2023-11-15,Switched to competitor,10.6,45,83,1,N,3,0,130
CUST-1316,Meera,India,Telangana,female,1994-08-23,2023-03-03,Refferal,2024-03-02,Basic,Annual,2023-10-29,Poor customer support,7.3,57,95,1,Y,2,3,240
CUST-1317,Suresh,India,Uttar Pradesh,female,1989-01-01,2024-06-10,Organic,2025-06-10,Premium,Annual,,,24.67,688,24,0,N,4,0,849
CUST-1318,Priya,India,Telangana,male,1987-10-07,2023-10-17,Refferal,2024-10-16,Basic,Annual,,,11.13,397,37,0,Y,1,4,1086
CUST-1319,Sunita,India,Rajasthan,female,1986-11-05,2021-07-21,Paid,2022-07-21,Premium,Monthly,2022-08-21,Lack of features,24.5,318,74,1,Y,2,4,396
CUST-1320,Ananya,India,Telangana,male,1999-10-27,2023-05-25,Paid,2024-05-24,Basic,Monthly,,,7.74,313,4,0,N,5,1,1231
CUST-1321,Aarav,India,Meghalaya,male,1986-11-14,2022-05-27,Paid,2023-05-27,Standard,Annual,,,18.9,989,28,0,N,3,0,1594
CUST-1322,Arjun,India,Telangana,female,1997-09-03,2022-12-27,Paid,2023-12-27,Basic,Monthly,2025-12-22,Service outages,11.44,410,85,1,Y,1,2,1091
CUST-1323,Karan,India,Maharashtra,male,2003-09-02,2022-10-08,Refferal,2023-10-08,Standard,Annual,,,17.62,845,13,0,N,5,0,1460
CUST-1324,Anita,India,Maharashtra,male,1998-09-05,2022-10-11,Refferal,2023-10-11,Standard,Annual,2024-01-14,Lack of features,15.46,233,77,1,N,3,0,460
CUST-1325,Amit,Nepal,Kathmandu,male,2003-09-03,2022-05-13,Refferal,2023-05-13,Basic,Monthly,2023-07-11,Too expensive,7.91,110,93,1,Y,3,4,424
CUST-1326,Pooja,India,Meghalaya,female,2000-03-06,2024-04-28,Refferal,2025-04-28,Basic,Annual,2026-01-03,Too expensive,11.7,236,90,1,N,4,0,615
CUST-1327,Ananya,India,Meghalaya,male,1990-01-16,2023-03-12,Paid,2024-03-11,Basic,Monthly,2024-08-09,Too expensive,9.65,163,85,1,Y,1,5,516
CUST-1328,Rohan,India,Delhi,female,1998-05-16,2023-10-01,Paid,2024-09-30,Standard,Monthly,,,18.1,655,25,0,Y,3,5,1102
CUST-1329,Deepak,India,Meghalaya,male,1982-06-04,2024-04-26,Refferal,2025-04-26,Standard,Annual,,,15.04,441,2,0,N,3,0,894
CUST-1330,Deepak,India,Delhi,female,1995-10-18,2024-05-27,Paid,2025-05-27,Standard,Monthly,,,15.0,425,30,0,N,4,0,863
CUST-1331,Riya,Nepal,Kathmandu,female,1992-03-05,2022-02-17,Paid,2023-02-17,Standard,Monthly,2022-03-21,Switched to competitor,18.9,19,77,1,N,3,0,32
CUST-1332,Anita,Nepal,Kathmandu,male,1992-03-16,2023-05-02,Paid,2024-05-01,Standard,Monthly,2026-02-08,Service outages,16.12,536,72,1,Y,1,5,1013
CUST-1333,Karan,India,Rajasthan,male,2000-06-26,2022-10-01,Paid,2023-10-01,Basic,Annual,2026-05-29,Service outages,7.69,337,92,1,N,3,1,1336
CUST-1334,Karan,India,Maharashtra,male,1999-02-21,2023-06-23,Paid,2024-06-22,Basic,Annual,,,8.09,319,29,0,N,5,1,1202
CUST-1335,Sneha,India,Telangana,female,2002-11-06,2020-11-09,Organic,2021-11-09,Basic,Annual,2021-04-12,Switched to competitor,9.4,47,78,1,Y,1,5,154
CUST-1336,Rahul,India,Telangana,female,1985-12-08,2021-12-30,Organic,2022-12-30,Premium,Annual,2023-08-21,Switched to competitor,20.41,401,99,1,Y,2,3,599
CUST-1337,Ananya,India,Nagaland,female,1979-08-06,2021-01-18,Paid,2022-01-18,Premium,Monthly,2022-04-24,Too expensive,24.62,372,80,1,Y,1,4,461
CUST-1338,Manish,India,Uttar Pradesh,male,1998-01-14,2020-10-03,Paid,2021-10-03,Basic,Annual,,,9.08,654,21,0,N,5,1,2195
CUST-1339,Riya,India,Rajasthan,female,1977-01-13,2022-12-31,Refferal,2023-12-31,Standard,Annual,2023-07-06,Service outages,17.67,108,96,1,Y,2,2,187
CUST-1340,Rohan,India,Nagaland,female,1976-04-07,2023-02-26,Paid,2024-02-26,Premium,Monthly,2023-11-05,Switched to competitor,23.54,194,93,1,N,4,0,252
CUST-1341,Anita,India,Nagaland,female,1979-04-18,2023-10-13,Paid,2024-10-12,Standard,Monthly,,,18.89,676,31,0,Y,3,4,1090
CUST-1342,Kavita,India,Karnataka,female,1979-10-03,2021-11-28,Paid,2022-11-28,Basic,Annual,2022-06-29,Service outages,7.89,55,99,1,Y,1,2,213
CUST-1343,Riya,India,Karnataka,male,1996-08-21,2024-03-28,Paid,2025-03-28,Basic,Annual,2025-05-11,Switched to competitor,9.94,133,70,1,Y,1,3,409
CUST-1344,Swati,India,Nagaland,male,1994-03-04,2023-05-28,Refferal,2024-05-27,Standard,Annual,,,13.53,545,1,0,N,5,0,1228
CUST-1345,Rajesh,India,Meghalaya,female,1999-04-01,2022-10-26,Organic,2023-10-26,Premium,Annual,,,27.33,1294,8,0,Y,2,2,1442
CUST-1346,Pooja,India,Uttar Pradesh,female,1978-09-18,2022-01-20,Paid,2023-01-20,Standard,Monthly,2024-11-29,Poor customer support,18.96,650,85,1,N,4,0,1044
CUST-1347,Swati,India,Rajasthan,female,1977-10-11,2022-09-09,Paid,2023-09-09,Basic,Annual,2026-05-28,Poor customer support,11.09,494,79,1,N,3,0,1357
CUST-1348,Divya,India,Nagaland,male,2003-04-08,2021-09-15,Paid,2022-09-15,Basic,Monthly,,,9.77,593,34,0,N,4,0,1848
CUST-1349,Deepak,India,Telangana,male,1977-11-20,2020-08-15,Paid,2021-08-15,Premium,Monthly,,,24.84,1831,16,0,N,5,0,2244
CUST-1350,Rajesh,India,Uttar Pradesh,male,1979-10-31,2020-01-17,Organic,2021-01-16,Premium,Annual,,,28.34,2285,27,0,N,4,1,2455
CUST-1351,Sunita,India,Karnataka,male,1991-06-15,2024-05-27,Refferal,2025-05-27,Standard,Monthly,2024-08-20,Too expensive,18.61,51,73,1,N,5,0,85
CUST-1352,Suresh,India,Telangana,female,1987-03-17,2020-01-12,Refferal,2021-01-11,Standard,Annual,,,18.93,1529,19,0,N,5,0,2460
CUST-1353,Rajesh,India,Karnataka,female,2001-04-18,2024-06-09,Refferal,2025-06-09,Basic,Monthly,2025-07-26,Lack of features,8.97,121,98,1,Y,2,2,412
CUST-1354,Divya,India,Karnataka,male,1976-10-29,2024-03-02,Organic,2025-03-02,Premium,Monthly,2025-03-11,Too expensive,29.9,367,78,1,Y,1,5,374
CUST-1355,Rahul,India,Uttar Pradesh,male,1984-03-24,2021-11-22,Organic,2022-11-22,Premium,Monthly,,,21.55,1260,3,0,N,4,0,1780
CUST-1356,Neha,India,Karnataka,male,1991-05-13,2024-03-05,Paid,2025-03-05,Basic,Monthly,,,8.26,256,11,0,N,4,0,946
CUST-1357,Ananya,Nepal,Kathmandu,male,1978-10-26,2020-03-10,Paid,2021-03-10,Standard,Monthly,,,13.52,1066,8,0,N,5,0,2402
CUST-1358,Sanjay,India,Maharashtra,female,1997-09-12,2020-04-17,Refferal,2021-04-17,Basic,Monthly,2021-01-02,Switched to competitor,8.35,71,99,1,Y,2,3,260
CUST-1359,Vikram,Nepal,Kathmandu,female,1986-02-22,2020-07-19,Paid,2021-07-19,Basic,Annual,2024-01-14,Switched to competitor,10.83,453,76,1,N,3,0,1274
CUST-1360,Rahul,India,Maharashtra,male,1994-02-12,2022-12-11,Organic,2023-12-11,Basic,Monthly,,,11.25,515,33,0,N,5,0,1396
CUST-1361,Kavita,India,Karnataka,female,1998-08-01,2024-04-21,Refferal,2025-04-21,Basic,Monthly,2025-09-07,Switched to competitor,10.88,180,77,1,N,3,0,504
CUST-1362,Kavita,India,Rajasthan,female,1990-05-01,2021-09-20,Organic,2022-09-20,Basic,Monthly,2023-12-03,Poor customer support,10.15,268,94,1,N,5,1,804
CUST-1363,Amit,India,Rajasthan,female,1984-12-29,2023-07-06,Paid,2024-07-05,Standard,Annual,,,16.07,627,24,0,N,5,0,1189
CUST-1364,Divya,India,Maharashtra,male,2000-07-12,2024-02-14,Organic,2025-02-13,Standard,Monthly,2025-11-25,Poor customer support,17.24,368,95,1,Y,3,4,650
CUST-1365,Priya,India,Telangana,female,2002-02-02,2023-07-11,Paid,2024-07-10,Standard,Annual,,,15.34,596,26,0,N,4,1,1184
CUST-1366,Sanjay,India,Uttar Pradesh,male,1984-11-29,2022-06-24,Organic,2023-06-24,Basic,Annual,2026-09-01,Too expensive,11.2,562,86,1,N,4,0,1530
CUST-1367,Ananya,India,Karnataka,male,1983-09-26,2020-10-29,Paid,2021-10-29,Basic,Monthly,2024-07-16,Switched to competitor,10.38,462,96,1,N,3,1,1356
CUST-1368,Deepak,India,Uttar Pradesh,male,1999-01-24,2022-07-25,Refferal,2023-07-25,Standard,Monthly,,,17.18,866,29,0,N,4,0,1535
CUST-1369,Karan,Nepal,Kathmandu,male,1976-01-27,2021-07-29,Refferal,2022-07-29,Basic,Annual,,,9.67,602,43,0,N,4,0,1896
CUST-1370,Amit,India,Rajasthan,male,1977-12-11,2024-04-26,Paid,2025-04-26,Basic,Annual,2026-01-16,Poor customer support,11.42,236,76,1,Y,1,3,630
CUST-1371,Sneha,India,Meghalaya,male,1982-04-04,2021-07-08,Paid,2022-07-08,Premium,Annual,,,22.51,1417,9,0,N,4,0,1917
CUST-1372,Sunita,Nepal,Kathmandu,male,1981-07-12,2020-05-04,Organic,2021-05-04,Standard,Monthly,,,15.28,1178,14,0,N,5,0,2347
CUST-1373,Manish,Nepal,Kathmandu,female,1977-03-20,2023-07-17,Paid,2024-07-16,Premium,Monthly,,,27.77,1074,5,0,N,3,0,1178
CUST-1374,Pooja,India,Maharashtra,female,1997-01-12,2022-05-08,Refferal,2023-05-08,Standard,Monthly,,,15.95,845,30,0,N,5,0,1613
CUST-1375,Priya,India,Delhi,male,1990-01-23,2022-01-14,Paid,2023-01-14,Basic,Monthly,2025-09-07,Service outages,11.44,500,93,1,N,5,0,1332
CUST-1376,Rahul,Nepal,Kathmandu,female,1993-11-17,2021-04-24,Organic,2022-04-24,Standard,Monthly,,,15.07,986,28,0,N,5,1,1992
CUST-1377,Sneha,India,Karnataka,female,1978-03-05,2020-05-11,Refferal,2021-05-11,Basic,Annual,2023-05-11,Lack of features,8.84,317,82,1,Y,1,3,1095
CUST-1378,Ananya,India,Nagaland,female,1995-09-27,2022-10-22,Paid,2023-10-22,Standard,Monthly,2024-03-25,Lack of features,18.32,312,74,1,Y,2,5,520
CUST-1379,Rajesh,India,Nagaland,male,1979-03-12,2020-04-24,Paid,2021-04-24,Basic,Annual,2022-06-21,Poor customer support,9.31,241,77,1,N,5,1,788
CUST-1380,Karan,India,Karnataka,female,1990-01-03,2021-04-25,Refferal,2022-04-25,Premium,Annual,2024-08-10,Too expensive,25.15,993,84,1,N,4,0,1203
CUST-1381,Sneha,India,Delhi,female,1995-09-01,2022-09-07,Paid,2023-09-07,Basic,Monthly,,,8.65,423,28,0,N,5,0,1491
CUST-1382,Riya,India,Delhi,female,1988-08-16,2022-10-21,Paid,2023-10-21,Premium,Annual,,,22.76,1081,36,0,N,5,0,1447
CUST-1383,Deepak,India,Maharashtra,male,1990-08-05,2020-11-26,Refferal,2021-11-26,Premium,Monthly,,,26.55,1867,33,0,N,4,0,2141
CUST-1384,Manish,India,Rajasthan,male,1998-02-14,2024-05-19,Paid,2025-05-19,Standard,Annual,,,13.71,392,6,0,N,5,0,871
CUST-1385,Pooja,India,Uttar Pradesh,female,1984-09-18,2022-07-30,Paid,2023-07-30,Standard,Monthly,,,18.27,918,12,0,N,3,1,1530
CUST-1386,Kavita,India,Delhi,male,1991-11-16,2022-08-12,Refferal,2023-08-12,Standard,Monthly,,,17.67,880,7,0,N,5,0,1517
CUST-1387,Manish,India,Meghalaya,male,1993-04-07,2022-02-06,Paid,2023-02-06,Premium,Annual,,,21.9,1225,28,0,N,3,0,1704
CUST-1388,Sneha,India,Maharashtra,male,1989-05-31,2021-01-25,Paid,2022-01-25,Standard,Monthly,,,17.15,1172,7,0,N,5,0,2081
CUST-1389,Neha,India,Telangana,female,1978-05-16,2022-04-13,Paid,2023-04-13,Premium,Annual,,,26.02,1400,41,0,N,4,0,1638
CUST-1390,Ananya,India,Maharashtra,female,1981-08-20,2020-05-22,Refferal,2021-05-22,Standard,Monthly,,,14.1,1078,1,0,N,4,0,2329
CUST-1391,Riya,Nepal,Kathmandu,male,1997-02-05,2020-11-23,Refferal,2021-11-23,Premium,Monthly,,,22.72,1600,24,0,Y,1,4,2144
CUST-1392,Sanjay,India,Uttar Pradesh,female,1986-09-01,2021-09-19,Refferal,2022-09-19,Standard,Monthly,,,15.44,935,19,0,N,4,0,1844
CUST-1393,Manish,India,Telangana,male,2001-09-26,2021-01-11,Paid,2022-01-11,Standard,Monthly,,,17.19,1183,32,0,N,4,0,2095
CUST-1394,Vikram,India,Telangana,female,1982-12-18,2020-03-30,Paid,2021-03-30,Premium,Monthly,2023-07-24,Poor customer support,26.38,1049,99,1,N,4,1,1211
CUST-1395,Pooja,India,Meghalaya,female,1987-11-26,2022-03-18,Paid,2023-03-18,Premium,Annual,,,25.31,1383,1,0,N,5,1,1664
CUST-1396,Sanjay,India,Meghalaya,female,1993-06-30,2022-10-17,Paid,2023-10-17,Standard,Annual,,,17.6,838,32,0,Y,2,3,1451
CUST-1397,Rajesh,India,Meghalaya,female,2001-11-17,2022-12-01,Organic,2023-12-01,Basic,Annual,,,10.78,497,20,0,N,4,0,1406
CUST-1398,Manish,India,Maharashtra,male,1985-08-19,2022-11-24,Paid,2023-11-24,Standard,Annual,,,16.7,775,21,0,N,5,0,1413
CUST-1399,Divya,India,Uttar Pradesh,female,1984-08-16,2022-10-08,Paid,2023-10-08,Premium,Monthly,2025-05-07,Service outages,27.86,862,88,1,N,4,0,942
CUST-1400,Ananya,India,Maharashtra,male,1984-04-26,2024-02-26,Paid,2025-02-25,Premium,Annual,,,23.33,731,30,0,N,3,0,954
CUST-1401,Kavita,India,Nagaland,female,1987-08-04,2021-07-06,Refferal,2022-07-06,Premium,Monthly,,,28.8,1815,28,0,N,4,1,1919
CUST-1402,Amit,Nepal,Kathmandu,female,1988-09-17,2020-05-03,Refferal,2021-05-03,Basic,Annual,2023-10-12,Too expensive,10.06,415,99,1,Y,1,3,1257
CUST-1403,Aarav,Nepal,Kathmandu,female,1992-01-14,2020-02-26,Refferal,2021-02-25,Standard,Monthly,,,17.92,1421,23,0,N,4,0,2415
CUST-1404,Suresh,India,Meghalaya,male,2002-10-16,2022-03-16,Organic,2023-03-16,Standard,Annual,2025-05-01,Switched to competitor,16.27,610,96,1,N,4,0,1142
CUST-1405,Manish,India,Nagaland,female,1985-12-23,2024-01-19,Paid,2025-01-18,Premium,Annual,,,22.17,722,37,0,N,4,1,992
CUST-1406,Priya,India,Delhi,male,1982-06-28,2020-08-22,Paid,2021-08-22,Basic,Annual,,,9.7,712,26,0,N,5,0,2237
CUST-1407,Suresh,India,Delhi,male,1987-04-19,2021-08-30,Paid,2022-08-30,Premium,Annual,2023-10-21,Too expensive,23.7,608,99,1,N,4,1,782
CUST-1408,Manish,India,Meghalaya,female,1998-07-12,2021-01-26,Refferal,2022-01-26,Standard,Annual,,,17.17,1173,3,0,N,3,0,2080
CUST-1409,Amit,India,Maharashtra,male,1977-09-01,2024-02-24,Refferal,2025-02-23,Basic,Annual,,,9.37,294,31,0,Y,2,2,956
CUST-1410,Neha,India,Meghalaya,female,1975-08-12,2022-08-27,Refferal,2023-08-27,Basic,Monthly,,,11.17,551,2,0,N,4,0,1502
CUST-1411,Amit,India,Rajasthan,male,1987-08-19,2023-09-28,Refferal,2024-09-27,Basic,Monthly,,,10.38,376,10,0,N,4,0,1105
CUST-1412,Priya,India,Telangana,male,1993-07-22,2023-04-14,Refferal,2024-04-13,Standard,Monthly,,,17.1,714,38,0,Y,3,3,1272
CUST-1413,Rajesh,Nepal,Kathmandu,female,1998-01-27,2020-02-21,Organic,2021-02-20,Basic,Monthly,2025-10-10,Lack of features,8.08,546,88,1,Y,2,4,2058
CUST-1414,Vikram,India,Delhi,female,1986-07-13,2024-04-22,Refferal,2025-04-22,Basic,Monthly,,,11.91,351,31,0,N,4,1,898
CUST-1415,Neha,India,Karnataka,male,1975-08-14,2024-02-10,Refferal,2025-02-09,Premium,Monthly,,,28.41,905,29,0,N,5,0,970
CUST-1416,Rohan,India,Delhi,female,2003-08-31,2021-05-03,Paid,2022-05-03,Basic,Monthly,2021-10-02,Lack of features,10.94,54,94,1,Y,2,4,152
CUST-1417,Kavita,Nepal,Kathmandu,male,1997-05-28,2020-01-05,Refferal,2021-01-04,Basic,Annual,2021-09-29,Poor customer support,8.64,179,86,1,Y,2,3,633
CUST-1418,Ananya,India,Telangana,female,1986-09-17,2021-09-23,Organic,2022-09-23,Standard,Annual,,,16.2,979,23,0,Y,1,2,1840
CUST-1419,Deepak,Nepal,Kathmandu,male,1978-09-03,2023-05-17,Paid,2024-05-16,Standard,Monthly,2026-03-17,Service outages,13.81,469,87,1,Y,1,2,1035
CUST-1420,Arjun,India,Karnataka,female,1986-01-19,2020-08-04,Refferal,2021-08-04,Premium,Monthly,,,25.37,1879,11,0,N,5,0,2255
CUST-1421,Swati,India,Meghalaya,female,1998-01-01,2021-06-19,Refferal,2022-06-19,Standard,Monthly,2024-04-24,Service outages,13.87,473,96,1,N,5,0,1040
CUST-1422,Kavita,India,Nagaland,female,1985-03-16,2023-09-27,Paid,2024-09-26,Premium,Monthly,,,25.52,927,20,0,N,4,0,1106
CUST-1423,Kavita,India,Karnataka,male,1985-10-03,2023-11-25,Refferal,2024-11-24,Standard,Annual,,,16.88,580,13,0,N,4,1,1047
CUST-1424,Karan,Nepal,Kathmandu,female,1982-09-04,2024-01-25,Paid,2025-01-24,Basic,Monthly,2026-09-15,Too expensive,8.94,283,93,1,N,5,0,964
CUST-1425,Swati,Nepal,Kathmandu,female,2000-06-19,2022-01-07,Organic,2023-01-07,Basic,Monthly,,,9.48,540,43,0,N,5,0,1734
CUST-1426,Aarav,India,Rajasthan,female,1992-12-15,2021-12-30,Organic,2022-12-30,Standard,Annual,,,18.24,1043,20,0,N,5,0,1742
CUST-1427,Priya,India,Rajasthan,male,2002-12-23,2023-05-19,Paid,2024-05-18,Basic,Annual,2024-11-14,Poor customer support,7.53,134,88,1,N,5,1,545
CUST-1428,Arjun,India,Uttar Pradesh,female,1976-01-29,2022-11-15,Paid,2023-11-15,Standard,Monthly,2026-02-04,Poor customer support,17.74,685,79,1,N,3,0,1177
CUST-1429,Anita,India,Rajasthan,female,1993-09-22,2023-06-29,Refferal,2024-06-28,Standard,Annual,,,14.01,550,28,0,N,4,0,1196
CUST-1430,Suresh,India,Maharashtra,male,1999-09-27,2020-01-03,Paid,2021-01-02,Basic,Monthly,,,7.17,581,35,0,N,5,1,2469
CUST-1431,Rohan,India,Nagaland,male,2001-08-08,2022-10-22,Paid,2023-10-22,Basic,Monthly,2022-12-29,Poor customer support,7.92,17,90,1,Y,2,2,68
CUST-1432,Anita,India,Telangana,female,1999-01-30,2024-06-15,Refferal,2025-06-15,Basic,Monthly,,,10.82,300,6,0,N,3,1,844
CUST-1433,Amit,India,Karnataka,male,1976-08-04,2022-10-22,Paid,2023-10-22,Standard,Monthly,2023-08-05,Poor customer support,15.42,145,76,1,N,3,0,287
CUST-1434,Rajesh,Nepal,Kathmandu,female,2002-09-27,2020-05-29,Paid,2021-05-29,Standard,Monthly,,,18.23,1390,29,0,N,5,0,2322
CUST-1435,Sanjay,India,Uttar Pradesh,female,1975-05-13,2024-05-25,Organic,2025-05-25,Standard,Monthly,,,16.14,458,23,0,N,4,0,865
CUST-1436,Amit,India,Uttar Pradesh,female,1982-10-09,2020-01-04,Organic,2021-01-03,Basic,Annual,2020-09-13,Poor customer support,7.1,59,89,1,N,3,1,253
CUST-1437,Ananya,India,Telangana,male,1984-04-08,2024-02-29,Refferal,2025-02-28,Standard,Annual,,,17.29,540,5,0,N,4,0,951
CUST-1438,Rahul,India,Nagaland,male,1985-04-28,2024-04-22,Organic,2025-04-22,Premium,Monthly,2026-02-09,Too expensive,21.09,455,91,1,N,4,0,658
CUST-1439,Ananya,India,Karnataka,female,1981-03-18,2021-04-12,Paid,2022-04-12,Basic,Monthly,2025-05-09,Too expensive,10.94,534,78,1,N,5,1,1488
CUST-1440,Manish,India,Delhi,male,1977-09-02,2020-03-10,Paid,2021-03-10,Standard,Annual,2020-05-23,Lack of features,14.0,34,91,1,Y,1,3,74
CUST-1441,Rahul,India,Rajasthan,female,1995-10-28,2020-07-19,Paid,2021-07-19,Premium,Monthly,2024-02-14,Poor customer support,23.44,1004,79,1,N,4,1,1305
CUST-1442,Rahul,India,Meghalaya,male,1994-10-01,2020-11-03,Refferal,2021-11-03,Basic,Annual,,,10.8,767,43,0,N,4,1,2164
CUST-1443,Neha,India,Uttar Pradesh,male,2002-05-24,2023-06-29,Organic,2024-06-28,Standard,Annual,,,18.72,735,28,0,N,4,1,1196
CUST-1444,Rajesh,India,Rajasthan,male,2001-08-27,2023-08-03,Refferal,2024-08-02,Basic,Monthly,2024-04-16,Service outages,8.85,74,80,1,N,5,0,257
CUST-1445,Aarav,India,Rajasthan,female,1982-10-06,2022-07-10,Organic,2023-07-10,Standard,Monthly,,,17.97,915,7,0,N,4,1,1550
CUST-1446,Amit,India,Maharashtra,female,1982-07-01,2020-10-18,Refferal,2021-10-18,Basic,Monthly,,,7.94,568,30,0,N,5,1,2180
CUST-1447,Neha,India,Nagaland,male,2001-02-22,2023-03-23,Paid,2024-03-22,Premium,Monthly,,,28.06,1192,43,0,N,4,0,1294
CUST-1448,Pooja,India,Meghalaya,male,1986-04-27,2022-07-12,Paid,2023-07-12,Standard,Monthly,,,16.93,860,38,0,N,4,0,1548
CUST-1449,Vikram,India,Delhi,male,2001-01-12,2023-03-02,Paid,2024-03-01,Premium,Annual,,,21.92,946,34,0,N,4,0,1315
CUST-1450,Rohan,Nepal,Kathmandu,female,1993-09-16,2022-06-01,Paid,2023-06-01,Standard,Monthly,,,14.81,773,28,0,N,3,0,1589
CUST-1451,Rohan,India,Maharashtra,male,1997-11-14,2021-08-08,Refferal,2022-08-08,Standard,Monthly,,,13.78,853,32,0,N,3,1,1886
CUST-1452,Sunita,India,Rajasthan,female,1980-03-24,2023-07-21,Paid,2024-07-20,Standard,Monthly,,,15.29,589,16,0,N,4,0,1174
CUST-1453,Karan,India,Rajasthan,male,2000-07-07,2021-05-23,Refferal,2022-05-23,Premium,Monthly,,,22.03,1420,39,0,N,4,0,1963
CUST-1454,Riya,India,Meghalaya,male,2001-12-20,2023-10-08,Refferal,2024-10-07,Premium,Monthly,,,26.43,950,1,0,N,5,0,1095
CUST-1455,Riya,India,Meghalaya,male,1980-05-17,2020-01-05,Paid,2021-01-04,Standard,Monthly,,,18.96,1536,34,0,N,5,0,2467
CUST-1456,Suresh,India,Meghalaya,female,1989-02-09,2020-10-19,Paid,2021-10-19,Premium,Monthly,,,20.11,1439,41,0,N,5,0,2179
CUST-1457,Sneha,India,Rajasthan,male,2003-09-12,2020-12-25,Paid,2021-12-25,Standard,Annual,2022-11-14,Lack of features,16.24,367,94,1,Y,1,2,689
CUST-1458,Ananya,India,Uttar Pradesh,male,1977-08-24,2024-06-09,Paid,2025-06-09,Standard,Monthly,2026-09-08,Too expensive,16.43,443,92,1,N,4,1,821
CUST-1459,Riya,India,Karnataka,female,1977-06-08,2020-08-01,Organic,2021-08-01,Standard,Annual,2024-10-05,Poor customer support,18.48,926,87,1,N,4,0,1526
CUST-1460,Suresh,India,Rajasthan,female,1983-05-20,2023-11-30,Paid,2024-11-29,Basic,Monthly,,,9.52,325,20,0,N,3,0,1042
CUST-1461,Karan,India,Maharashtra,male,1992-09-09,2023-12-30,Refferal,2024-12-29,Basic,Monthly,2025-02-02,Too expensive,9.71,127,87,1,N,5,0,400
CUST-1462,Riya,India,Nagaland,male,1991-11-19,2022-11-04,Organic,2023-11-04,Basic,Monthly,,,9.35,440,18,0,N,4,0,1433
CUST-1463,Rajesh,India,Delhi,female,1994-01-28,2023-07-20,Organic,2024-07-19,Standard,Annual,,,14.6,563,42,0,N,4,0,1175
CUST-1464,Rajesh,Nepal,Kathmandu,male,2001-12-28,2021-07-16,Organic,2022-07-16,Basic,Monthly,2026-05-27,Service outages,7.27,424,77,1,N,4,0,1776
CUST-1465,Pooja,India,Delhi,female,1997-03-07,2022-02-03,Paid,2023-02-03,Standard,Monthly,2023-10-27,Switched to competitor,15.44,320,90,1,Y,1,2,631
CUST-1466,Deepak,India,Rajasthan,female,1995-03-16,2020-02-14,Paid,2021-02-13,Premium,Monthly,2021-12-13,Too expensive,20.52,450,77,1,Y,2,2,668
CUST-1467,Rajesh,India,Maharashtra,male,2001-05-17,2021-12-03,Paid,2022-12-03,Basic,Monthly,,,9.74,566,34,0,N,5,1,1769
CUST-1468,Arjun,India,Rajasthan,male,1994-12-07,2021-09-25,Paid,2022-09-25,Standard,Monthly,2023-02-11,Poor customer support,14.83,245,87,1,Y,2,2,504
CUST-1469,Riya,India,Nagaland,male,1977-12-03,2023-12-06,Organic,2024-12-05,Basic,Annual,,,9.66,328,11,0,N,4,1,1036
CUST-1470,Meera,India,Uttar Pradesh,female,1986-07-25,2023-04-25,Refferal,2024-04-24,Basic,Monthly,,,7.66,317,43,0,N,5,0,1261
CUST-1471,Swati,Nepal,Kathmandu,male,1999-09-10,2021-10-22,Paid,2022-10-22,Premium,Annual,,,29.32,1744,43,0,N,5,0,1811
CUST-1472,Suresh,India,Nagaland,male,1987-08-13,2023-04-08,Paid,2024-04-07,Standard,Monthly,,,18.36,770,10,0,N,5,0,1278
CUST-1473,Neha,India,Rajasthan,female,1985-11-29,2021-12-21,Paid,2022-12-21,Premium,Annual,,,21.89,1259,8,0,N,4,1,1751
CUST-1474,Manish,India,Maharashtra,female,2003-02-27,2021-08-16,Refferal,2022-08-16,Basic,Annual,,,8.71,537,8,0,N,3,0,1878
CUST-1475,Rajesh,India,Nagaland,male,1983-09-15,2023-11-25,Refferal,2024-11-24,Standard,Monthly,,,16.67,573,19,0,N,4,0,1047
CUST-1476,Deepak,India,Telangana,female,1987-06-05,2020-09-02,Organic,2021-09-02,Basic,Annual,2024-01-19,Switched to competitor,7.47,302,70,1,Y,2,2,1234
CUST-1477,Karan,India,Maharashtra,male,1981-06-20,2022-05-06,Organic,2023-05-06,Basic,Annual,2023-05-18,Poor customer support,8.76,108,92,1,N,3,1,377
CUST-1478,Kavita,India,Uttar Pradesh,male,1981-02-02,2021-07-05,Paid,2022-07-05,Basic,Monthly,2026-01-03,Poor customer support,8.25,445,89,1,N,4,1,1643
CUST-1479,Meera,India,Rajasthan,male,1992-06-11,2020-02-12,Paid,2021-02-11,Basic,Monthly,2023-02-12,Service outages,11.57,416,72,1,Y,2,4,1096
CUST-1480,Sneha,India,Meghalaya,male,1979-09-23,2022-04-20,Paid,2023-04-20,Basic,Annual,,,11.25,602,44,0,N,4,1,1631
CUST-1481,Neha,Nepal,Kathmandu,male,2002-12-03,2020-06-27,Paid,2021-06-27,Basic,Monthly,,,9.89,744,32,0,N,3,0,2293
CUST-1482,Sunita,India,Karnataka,male,1990-11-09,2024-01-20,Organic,2025-01-19,Premium,Monthly,,,25.19,820,16,0,N,3,0,991
CUST-1483,Riya,India,Meghalaya,female,1997-02-07,2021-06-18,Refferal,2022-06-18,Basic,Annual,,,11.64,740,30,0,Y,3,4,1937
CUST-1484,Arjun,India,Rajasthan,female,1998-02-27,2021-08-29,Refferal,2022-08-29,Basic,Monthly,2026-07-27,Poor customer support,11.65,686,86,1,N,3,0,1793
CUST-1485,Rahul,India,Telangana,female,1994-03-15,2021-11-02,Paid,2022-11-02,Basic,Annual,,,11.84,700,28,0,N,3,1,1800
CUST-1486,Sanjay,India,Meghalaya,male,1977-04-17,2023-06-21,Paid,2024-06-20,Standard,Annual,,,13.74,543,28,0,N,3,1,1204
CUST-1487,Arjun,Nepal,Kathmandu,male,1987-07-21,2022-07-15,Paid,2023-07-15,Basic,Annual,2025-11-02,Lack of features,7.79,308,85,1,N,3,0,1206
CUST-1488,Pooja,India,Maharashtra,male,1976-11-17,2020-01-17,Refferal,2021-01-16,Premium,Monthly,2025-07-05,Lack of features,26.76,1754,78,1,N,4,0,1996
CUST-1489,Meera,India,Telangana,female,1975-12-23,2023-02-09,Refferal,2024-02-09,Premium,Monthly,2025-08-22,Service outages,25.4,771,91,1,Y,2,4,925
CUST-1490,Vikram,India,Telangana,female,1999-10-25,2024-06-26,Paid,2025-06-26,Basic,Monthly,,,7.08,193,33,0,N,4,0,833
CUST-1491,Rajesh,India,Nagaland,male,2002-10-31,2022-04-05,Refferal,2023-04-05,Standard,Monthly,2023-04-18,Too expensive,13.36,165,98,1,Y,2,5,378
CUST-1492,Deepak,Nepal,Kathmandu,male,1987-09-22,2024-06-09,Organic,2025-06-09,Basic,Monthly,2025-09-10,Switched to competitor,11.43,171,94,1,Y,1,3,458
CUST-1493,Manish,India,Meghalaya,male,2002-05-21,2021-06-30,Paid,2022-06-30,Standard,Monthly,,,18.2,1150,18,0,Y,1,5,1925
CUST-1494,Kavita,India,Nagaland,male,1987-02-05,2022-11-19,Refferal,2023-11-19,Standard,Monthly,,,15.13,704,26,0,N,3,1,1418
CUST-1495,Vikram,India,Telangana,male,2003-07-13,2023-04-30,Paid,2024-04-29,Basic,Monthly,2023-09-04,Too expensive,11.45,47,75,1,N,4,0,127
CUST-1496,Divya,India,Nagaland,female,1993-03-09,2021-03-12,Refferal,2022-03-12,Basic,Annual,2025-03-29,Too expensive,9.96,483,75,1,Y,1,2,1478
CUST-1497,Arjun,India,Delhi,female,1984-04-14,2020-06-27,Refferal,2021-06-27,Standard,Annual,,,17.83,1343,44,0,N,4,0,2293
CUST-1498,Manish,Nepal,Kathmandu,male,2003-11-12,2021-09-07,Organic,2022-09-07,Standard,Annual,,,15.55,948,3,0,Y,2,2,1856
CUST-1499,Vikram,India,Uttar Pradesh,male,1986-12-06,2021-11-07,Paid,2022-11-07,Basic,Annual,,,7.56,445,43,0,N,3,1,1795
CUST-1500,Rahul,India,Maharashtra,female,1988-05-11,2024-02-06,Paid,2025-02-05,Standard,Monthly,2024-06-01,Switched to competitor,15.59,59,75,1,N,5,1,116
CUST-1501,Suresh,India,Telangana,male,1989-07-25,2021-09-25,Paid,2022-09-25,Standard,Annual,2025-05-21,Lack of features,15.73,689,83,1,N,5,0,1334
CUST-1502,Meera,Nepal,Kathmandu,male,1982-07-02,2023-03-03,Paid,2024-03-02,Premium,Annual,,,25.5,1100,18,0,N,5,0,1314
CUST-1503,Neha,India,Uttar Pradesh,male,2001-01-14,2022-03-12,Refferal,2023-03-12,Basic,Monthly,2022-08-23,Switched to competitor,7.52,40,85,1,N,4,0,164
CUST-1504,Sunita,India,Uttar Pradesh,male,2001-08-19,2020-11-07,Organic,2021-11-07,Premium,Monthly,2024-11-14,Service outages,29.9,1441,93,1,N,4,0,1468
CUST-1505,Deepak,India,Rajasthan,male,1988-02-06,2020-01-25,Paid,2021-01-24,Standard,Monthly,2021-02-19,Poor customer support,14.45,185,82,1,Y,1,5,391
CUST-1506,Sunita,India,Nagaland,female,2002-04-13,2021-01-05,Paid,2022-01-05,Basic,Monthly,,,7.98,550,1,0,Y,3,2,2101
CUST-1507,Anita,India,Uttar Pradesh,male,1977-05-27,2021-06-08,Paid,2022-06-08,Standard,Monthly,,,16.15,1032,38,0,N,5,0,1947
CUST-1508,Vikram,India,Delhi,male,1982-11-10,2023-09-04,Paid,2024-09-03,Standard,Monthly,,,16.21,601,14,0,N,5,0,1129
CUST-1509,Rohan,Nepal,Kathmandu,female,1975-10-20,2020-08-17,Paid,2021-08-17,Premium,Annual,,,24.39,1796,17,0,N,4,0,2242
CUST-1510,Sunita,India,Karnataka,male,2001-12-13,2023-01-30,Paid,2024-01-30,Basic,Monthly,2025-08-24,Service outages,10.85,333,94,1,Y,1,4,937
CUST-1511,Pooja,India,Karnataka,female,1998-11-24,2024-01-13,Refferal,2025-01-12,Standard,Monthly,2026-04-30,Too expensive,16.09,442,82,1,N,3,0,838
CUST-1512,Vikram,India,Telangana,female,1982-05-10,2021-01-12,Paid,2022-01-12,Basic,Annual,2021-07-20,Too expensive,10.04,62,82,1,Y,2,2,189
CUST-1513,Rajesh,India,Nagaland,male,1975-08-22,2022-06-06,Refferal,2023-06-06,Premium,Monthly,2023-12-05,Too expensive,27.23,489,78,1,Y,3,2,547
CUST-1514,Divya,India,Uttar Pradesh,female,1981-07-02,2023-05-11,Refferal,2024-05-10,Basic,Annual,2024-08-02,Poor customer support,7.12,105,75,1,N,5,0,449
CUST-1515,Swati,Nepal,Kathmandu,male,1981-03-22,2023-07-14,Paid,2024-07-13,Premium,Monthly,2025-07-10,Service outages,25.7,613,75,1,N,4,1,727
CUST-1516,Rohan,India,Telangana,female,1977-08-24,2021-04-06,Refferal,2022-04-06,Premium,Annual,,,28.83,1903,30,0,N,4,0,2010
CUST-1517,Riya,India,Meghalaya,male,1977-06-08,2020-12-30,Refferal,2021-12-30,Basic,Monthly,,,7.08,490,37,0,N,5,1,2107
CUST-1518,Sanjay,India,Uttar Pradesh,female,1985-07-30,2020-04-13,Refferal,2021-04-13,Premium,Monthly,,,24.04,1870,14,0,N,5,1,2368
CUST-1519,Ananya,India,Nagaland,female,1991-11-07,2023-02-08,Paid,2024-02-08,Premium,Monthly,2023-10-08,Too expensive,29.25,232,73,1,Y,1,3,242
CUST-1520,Rohan,India,Karnataka,male,1984-04-23,2021-03-03,Paid,2022-03-03,Basic,Annual,2024-10-11,Too expensive,8.76,379,71,1,N,3,0,1318
CUST-1521,Karan,India,Rajasthan,female,1997-07-10,2021-04-13,Organic,2022-04-13,Standard,Annual,,,15.74,1035,2,0,N,3,0,2003
CUST-1522,Amit,Nepal,Kathmandu,female,1987-06-09,2022-10-11,Refferal,2023-10-11,Standard,Monthly,2026-05-17,Poor customer support,18.88,814,98,1,N,4,0,1314
CUST-1523,Neha,India,Maharashtra,female,1984-08-24,2024-05-23,Paid,2025-05-23,Basic,Annual,,,7.99,227,17,0,N,4,0,867
CUST-1524,Deepak,India,Telangana,male,1979-10-30,2022-05-19,Paid,2023-05-19,Basic,Monthly,2023-05-26,Poor customer support,7.32,89,79,1,N,4,0,372
CUST-1525,Deepak,Nepal,Kathmandu,female,1984-01-05,2022-02-08,Paid,2023-02-08,Basic,Annual,,,11.29,631,14,0,N,4,0,1702
CUST-1526,Riya,Nepal,Kathmandu,male,1981-10-24,2021-11-10,Paid,2022-11-10,Basic,Annual,2025-05-06,Too expensive,11.33,473,88,1,Y,2,3,1273
CUST-1527,Vikram,India,Delhi,male,1979-04-08,2022-03-15,Refferal,2023-03-15,Standard,Monthly,2026-09-01,Lack of features,15.82,847,86,1,Y,1,3,1631
CUST-1528,Arjun,India,Meghalaya,male,1987-11-04,2022-06-04,Paid,2023-06-04,Basic,Monthly,,,9.56,498,30,0,N,5,1,1586
CUST-1529,Swati,India,Uttar Pradesh,male,1991-10-05,2021-07-14,Paid,2022-07-14,Premium,Annual,,,28.35,1779,43,0,N,5,1,1911
CUST-1530,Rajesh,India,Uttar Pradesh,female,1981-03-26,2023-06-27,Refferal,2024-06-26,Standard,Annual,,,17.42,685,29,0,N,5,1,1198
CUST-1531,Priya,India,Nagaland,male,1987-02-26,2024-02-14,Paid,2025-02-13,Basic,Annual,2025-06-15,Lack of features,8.32,133,76,1,N,3,0,487
CUST-1532,Kavita,India,Maharashtra,female,1978-01-08,2020-11-26,Refferal,2021-11-26,Standard,Annual,,,13.09,920,9,0,N,5,0,2141
CUST-1533,Sanjay,India,Maharashtra,male,1995-08-04,2021-08-09,Refferal,2022-08-09,Standard,Monthly,,,15.87,982,23,0,N,5,0,1885
CUST-1534,Sunita,India,Nagaland,male,2001-04-25,2020-07-19,Paid,2021-07-19,Premium,Annual,,,28.58,2132,36,0,N,4,1,2271
CUST-1535,Aarav,India,Rajasthan,male,1989-10-23,2021-03-29,Refferal,2022-03-29,Basic,Monthly,2022-12-18,Lack of features,11.47,237,83,1,Y,3,3,629
CUST-1536,Meera,India,Uttar Pradesh,male,2001-06-23,2024-03-07,Refferal,2025-03-07,Basic,Annual,,,11.77,365,20,0,N,5,0,944
CUST-1537,Sanjay,India,Rajasthan,male,1996-07-18,2024-04-18,Paid,2025-04-18,Premium,Monthly,,,28.79,853,17,0,N,4,0,902
CUST-1538,Pooja,Nepal,Kathmandu,male,1983-02-04,2022-04-05,Paid,2023-04-05,Premium,Monthly,,,25.79,1394,32,0,Y,3,3,1646
CUST-1539,Riya,Nepal,Kathmandu,female,1996-02-10,2020-04-20,Refferal,2021-04-20,Standard,Monthly,,,15.66,1214,25,0,N,3,0,2361
CUST-1540,Ananya,India,Karnataka,male,1991-06-23,2022-05-13,Organic,2023-05-13,Premium,Monthly,,,27.74,1465,30,0,N,3,0,1608
CUST-1541,Deepak,India,Maharashtra,male,2001-03-19,2022-06-26,Refferal,2023-06-26,Basic,Monthly,2022-12-07,Poor customer support,10.69,57,86,1,N,5,0,164
CUST-1542,Rohan,India,Karnataka,male,1984-04-07,2024-04-16,Paid,2025-04-16,Standard,Annual,2026-09-24,Switched to competitor,16.22,474,94,1,N,4,0,891
CUST-1543,Pooja,India,Meghalaya,female,2001-09-22,2023-05-17,Refferal,2024-05-16,Basic,Annual,2024-06-29,Switched to competitor,7.43,99,96,1,Y,2,4,409
CUST-1544,Ananya,India,Nagaland,female,2002-08-13,2024-06-29,Paid,2025-06-29,Basic,Monthly,2026-09-17,Switched to competitor,11.62,309,96,1,N,3,0,810
CUST-1545,Deepak,India,Nagaland,male,2003-07-28,2020-02-02,Refferal,2021-02-01,Premium,Annual,,,24.55,1967,31,0,N,5,0,2439
CUST-1546,Sanjay,Nepal,Kathmandu,male,2002-07-16,2021-07-08,Refferal,2022-07-08,Basic,Annual,2022-01-06,Poor customer support,8.81,52,82,1,Y,1,2,182
CUST-1547,Sanjay,India,Uttar Pradesh,male,1975-01-29,2020-04-16,Refferal,2021-04-16,Standard,Monthly,2025-07-12,Lack of features,16.77,1053,95,1,N,3,0,1913
CUST-1548,Sunita,India,Rajasthan,female,1999-05-12,2023-07-12,Organic,2024-07-11,Premium,Monthly,,,26.73,1038,14,0,Y,1,3,1183
CUST-1549,Rohan,India,Maharashtra,male,2000-03-22,2020-08-13,Refferal,2021-08-13,Basic,Annual,2021-03-31,Service outages,8.04,60,95,1,N,3,0,230
CUST-1550,Vikram,India,Karnataka,male,2003-01-29,2021-05-01,Refferal,2022-05-01,Premium,Annual,,,28.36,1849,21,0,N,3,0,1985
CUST-1551,Divya,India,Rajasthan,male,2001-05-22,2020-06-27,Paid,2021-06-27,Premium,Monthly,,,22.89,1724,28,0,N,5,1,2293
CUST-1552,Anita,India,Karnataka,male,1996-03-27,2023-05-30,Organic,2024-05-29,Standard,Annual,,,14.11,568,15,0,N,3,1,1226
CUST-1553,Rajesh,India,Meghalaya,male,1994-01-09,2023-10-25,Organic,2024-10-24,Basic,Monthly,,,9.02,319,30,0,N,4,0,1078
CUST-1554,Manish,India,Meghalaya,female,1990-10-04,2021-09-28,Paid,2022-09-28,Basic,Monthly,2025-01-03,Poor customer support,10.64,417,94,1,Y,1,3,1193
CUST-1555,Riya,India,Rajasthan,male,1984-11-11,2022-02-26,Paid,2023-02-26,Standard,Monthly,2024-08-14,Poor customer support,18.78,555,88,1,N,5,1,900
CUST-1556,Meera,India,Rajasthan,female,1988-11-10,2020-06-15,Paid,2021-06-15,Basic,Monthly,2022-05-02,Too expensive,11.04,248,91,1,Y,1,3,686
CUST-1557,Swati,India,Rajasthan,male,1997-02-05,2021-10-24,Refferal,2022-10-24,Basic,Annual,2024-12-08,Lack of features,11.69,438,80,1,Y,2,5,1141
CUST-1558,Riya,India,Karnataka,male,1994-11-01,2024-04-25,Refferal,2025-04-25,Premium,Annual,,,21.4,629,44,0,N,4,1,895
CUST-1559,Arjun,India,Delhi,female,1992-06-12,2020-10-26,Paid,2021-10-26,Basic,Monthly,,,7.35,524,11,0,N,3,0,2172
CUST-1560,Pooja,India,Rajasthan,male,1994-06-15,2023-11-05,Organic,2024-11-04,Standard,Monthly,,,16.34,572,28,0,N,3,1,1067
CUST-1561,Vikram,India,Uttar Pradesh,female,1984-10-21,2020-02-04,Paid,2021-02-03,Basic,Annual,2020-05-25,Lack of features,8.44,30,92,1,Y,2,5,111
CUST-1562,Anita,India,Maharashtra,female,1982-07-25,2021-02-10,Refferal,2022-02-10,Standard,Annual,,,17.96,1218,5,0,N,5,0,2065
CUST-1563,Karan,India,Maharashtra,male,1976-07-26,2024-03-05,Paid,2025-03-05,Premium,Annual,,,26.71,830,28,0,N,4,0,946
CUST-1564,Aarav,India,Karnataka,female,1996-02-05,2020-11-09,Paid,2021-11-09,Basic,Annual,2025-11-06,Service outages,11.84,709,77,1,Y,3,2,1823
CUST-1565,Rajesh,India,Rajasthan,male,1976-09-06,2022-03-26,Paid,2023-03-26,Basic,Monthly,,,8.26,449,26,0,N,5,0,1656
CUST-1566,Rohan,Nepal,Kathmandu,female,1986-02-02,2022-01-12,Paid,2023-01-12,Standard,Annual,2023-11-18,Service outages,15.9,352,75,1,Y,1,2,675
CUST-1567,Sanjay,India,Nagaland,male,1975-11-22,2021-12-27,Refferal,2022-12-27,Standard,Monthly,,,16.0,917,32,0,N,4,1,1745
CUST-1568,Divya,India,Delhi,female,1985-03-29,2022-04-05,Refferal,2023-04-05,Standard,Monthly,,,14.43,780,32,0,N,4,1,1646
CUST-1569,Swati,India,Uttar Pradesh,male,1975-12-25,2023-01-29,Paid,2024-01-29,Basic,Monthly,2024-09-25,Too expensive,9.94,197,81,1,N,5,0,605
CUST-1570,Sunita,Nepal,Kathmandu,male,1985-05-05,2021-07-22,Paid,2022-07-22,Basic,Monthly,2025-04-22,Poor customer support,9.21,414,75,1,Y,1,2,1370
CUST-1571,Priya,India,Meghalaya,female,1991-03-04,2023-05-23,Paid,2024-05-22,Premium,Annual,2024-07-13,Service outages,24.46,335,82,1,Y,1,5,417
CUST-1572,Sunita,Nepal,Kathmandu,female,2003-12-03,2021-07-29,Refferal,2022-07-29,Premium,Annual,2022-09-27,Too expensive,23.62,329,76,1,Y,2,2,425
CUST-1573,Karan,India,Karnataka,female,1979-09-18,2020-03-02,Refferal,2021-03-02,Standard,Monthly,,,13.09,1036,40,0,Y,2,3,2410
CUST-1574,Meera,India,Delhi,female,1978-09-11,2021-01-03,Paid,2022-01-03,Premium,Monthly,2022-05-04,Switched to competitor,25.21,402,81,1,Y,2,3,486
CUST-1575,Aarav,India,Telangana,female,1985-02-13,2023-10-23,Refferal,2024-10-22,Standard,Monthly,,,15.0,532,34,0,N,3,0,1080
CUST-1576,Manish,India,Telangana,male,1985-09-01,2024-05-16,Paid,2025-05-16,Standard,Monthly,2024-09-18,Poor customer support,13.0,53,92,1,Y,1,4,125
CUST-1577,Divya,India,Rajasthan,male,1986-08-31,2020-04-03,Organic,2021-04-03,Basic,Annual,,,8.53,666,41,0,N,4,0,2378
CUST-1578,Arjun,India,Rajasthan,male,2001-10-19,2024-02-01,Organic,2025-01-31,Standard,Annual,,,14.66,471,17,0,N,5,0,979
CUST-1579,Rahul,India,Karnataka,male,2001-11-19,2022-09-10,Refferal,2023-09-10,Standard,Annual,,,15.35,750,1,0,Y,3,5,1488
CUST-1580,Arjun,India,Rajasthan,male,1994-01-02,2022-11-15,Organic,2023-11-15,Basic,Annual,,,7.65,357,7,0,N,4,0,1422
CUST-1581,Rajesh,India,Nagaland,female,1985-06-05,2023-12-29,Organic,2024-12-28,Standard,Annual,2025-03-30,Service outages,16.04,240,82,1,Y,1,3,457
CUST-1582,Swati,India,Delhi,male,1989-05-13,2023-02-18,Organic,2024-02-18,Premium,Monthly,2025-09-29,Lack of features,26.91,843,83,1,N,5,0,954
CUST-1583,Priya,India,Karnataka,female,1997-12-15,2020-02-19,Refferal,2021-02-18,Standard,Monthly,,,16.77,1334,17,0,N,5,0,2422
CUST-1584,Riya,India,Maharashtra,male,1985-07-12,2022-06-01,Paid,2023-06-01,Standard,Monthly,2024-10-05,Too expensive,17.81,501,99,1,Y,1,5,857
CUST-1585,Karan,India,Meghalaya,male,1982-01-21,2022-02-02,Paid,2023-02-02,Premium,Monthly,,,24.51,1375,34,0,N,5,1,1708
CUST-1586,Karan,India,Karnataka,male,1975-04-02,2020-02-05,Paid,2021-02-04,Basic,Annual,2023-06-05,Switched to competitor,9.59,383,96,1,Y,1,2,1216
CUST-1587,Amit,India,Karnataka,female,1986-08-05,2023-12-04,Refferal,2024-12-03,Standard,Monthly,,,17.85,608,25,0,N,5,1,1038
CUST-1588,Sneha,India,Telangana,female,1998-09-29,2023-08-05,Paid,2024-08-04,Premium,Monthly,,,24.27,924,44,0,N,4,0,1159
CUST-1589,Vikram,India,Uttar Pradesh,female,1993-01-18,2023-11-03,Paid,2024-11-02,Standard,Monthly,,,17.2,604,35,0,Y,1,4,1069
CUST-1590,Swati,India,Uttar Pradesh,male,1997-04-03,2020-04-09,Paid,2021-04-09,Basic,Annual,2022-09-16,Switched to competitor,9.16,267,78,1,N,5,0,890
CUST-1591,Divya,India,Nagaland,female,1977-12-11,2023-09-09,Paid,2024-09-08,Basic,Monthly,2026-04-26,Too expensive,9.08,286,75,1,N,5,0,960
CUST-1592,Swati,India,Maharashtra,male,1981-11-18,2020-11-24,Refferal,2021-11-24,Premium,Annual,2024-03-10,Poor customer support,27.59,1089,98,1,Y,2,4,1202
CUST-1593,Amit,India,Telangana,male,1997-05-13,2021-12-06,Organic,2022-12-06,Standard,Annual,2024-03-27,Switched to competitor,14.04,388,95,1,Y,3,4,842
CUST-1594,Sanjay,India,Maharashtra,male,1993-10-14,2020-08-08,Refferal,2021-08-08,Premium,Monthly,2022-11-21,Lack of features,23.38,641,75,1,N,4,0,835
CUST-1595,Ananya,India,Nagaland,male,1999-08-13,2021-07-20,Refferal,2022-07-20,Standard,Monthly,2023-04-10,Poor customer support,14.34,296,76,1,N,4,0,629
CUST-1596,Vikram,India,Uttar Pradesh,male,1976-08-27,2022-09-22,Refferal,2023-09-22,Standard,Annual,,,15.14,734,27,0,N,4,0,1476
CUST-1597,Anita,India,Karnataka,female,1983-02-27,2022-10-18,Paid,2023-10-18,Premium,Monthly,,,22.29,1061,40,0,N,5,0,1450
CUST-1598,Priya,India,Rajasthan,female,1994-07-20,2020-04-19,Paid,2021-04-19,Standard,Annual,2021-11-30,Service outages,16.47,319,96,1,Y,2,2,590
CUST-1599,Neha,India,Rajasthan,male,1994-05-06,2020-05-28,Organic,2021-05-28,Basic,Monthly,,,10.98,837,31,0,N,5,0,2323
CUST-1600,Anita,Nepal,Kathmandu,male,1988-06-17,2021-02-09,Paid,2022-02-09,Standard,Monthly,,,17.71,1201,3,0,N,4,1,2066
CUST-1601,Kavita,India,Meghalaya,male,1993-08-14,2021-11-29,Paid,2022-11-29,Premium,Annual,,,23.64,1376,24,0,N,5,0,1773
CUST-1602,Manish,India,Nagaland,male,1976-08-20,2022-10-13,Refferal,2023-10-13,Basic,Annual,,,11.93,570,15,0,N,4,0,1455
CUST-1603,Suresh,India,Meghalaya,female,2001-08-16,2023-12-04,Paid,2024-12-03,Basic,Annual,,,9.96,339,6,0,N,4,1,1038
CUST-1604,Sanjay,India,Meghalaya,male,1995-01-16,2023-02-26,Paid,2024-02-26,Basic,Annual,2024-12-13,Lack of features,8.99,193,80,1,Y,2,3,656
CUST-1605,Divya,India,Uttar Pradesh,female,1998-11-01,2024-02-16,Paid,2025-02-15,Premium,Annual,2026-09-28,Service outages,28.35,889,99,1,Y,1,2,955
CUST-1606,Pooja,India,Uttar Pradesh,male,1990-05-24,2020-04-17,Paid,2021-04-17,Basic,Annual,2026-08-06,Poor customer support,10.64,804,72,1,N,4,0,2302
CUST-1607,Amit,India,Karnataka,female,1980-02-21,2021-01-23,Paid,2022-01-23,Standard,Annual,,,17.49,1196,38,0,N,4,1,2083
CUST-1608,Ananya,India,Telangana,male,1979-08-27,2021-02-28,Paid,2022-02-28,Standard,Monthly,,,14.17,952,43,0,N,5,0,2047
CUST-1609,Rahul,India,Uttar Pradesh,female,2000-03-31,2021-03-22,Refferal,2022-03-22,Standard,Monthly,,,15.8,1051,40,0,N,3,0,2025
CUST-1610,Rajesh,India,Rajasthan,male,1990-10-29,2022-07-06,Organic,2023-07-06,Standard,Annual,2023-01-17,Service outages,18.16,116,98,1,N,5,0,195
CUST-1611,Rohan,India,Meghalaya,female,1976-12-17,2022-12-27,Paid,2023-12-27,Basic,Monthly,,,9.51,431,23,0,N,4,1,1380
CUST-1612,Swati,Nepal,Kathmandu,male,1986-03-10,2022-12-25,Organic,2023-12-25,Standard,Monthly,2026-09-12,Too expensive,17.09,761,79,1,N,4,0,1357
CUST-1613,Sneha,India,Delhi,male,1976-10-27,2021-10-17,Paid,2022-10-17,Premium,Monthly,,,25.87,1543,42,0,N,4,0,1816
CUST-1614,Karan,India,Nagaland,female,1996-06-25,2024-05-07,Paid,2025-05-07,Premium,Monthly,,,28.41,824,3,0,N,3,1,883
CUST-1615,Karan,Nepal,Kathmandu,female,1993-02-06,2024-03-07,Paid,2025-03-07,Basic,Monthly,,,8.41,260,26,0,N,4,0,944
CUST-1616,Kavita,India,Rajasthan,female,2003-06-23,2024-03-07,Refferal,2025-03-07,Premium,Monthly,,,25.74,798,14,0,N,4,1,944
CUST-1617,Arjun,India,Uttar Pradesh,female,1977-12-15,2020-11-16,Paid,2021-11-16,Standard,Annual,,,13.73,970,19,0,N,5,0,2151
CUST-1618,Deepak,India,Telangana,female,1998-01-19,2021-12-19,Refferal,2022-12-19,Premium,Monthly,,,26.89,1548,21,0,N,5,0,1753
CUST-1619,Rajesh,India,Karnataka,male,1997-11-01,2021-12-28,Refferal,2022-12-28,Standard,Monthly,2025-02-21,Poor customer support,17.38,657,97,1,Y,1,2,1151
CUST-1620,Rahul,India,Delhi,male,1977-12-05,2021-08-02,Refferal,2022-08-02,Standard,Monthly,,,13.25,823,21,0,N,5,0,1892
CUST-1621,Rohan,India,Maharashtra,male,1989-05-30,2021-03-22,Refferal,2022-03-22,Premium,Monthly,2021-09-26,Poor customer support,26.75,165,78,1,Y,1,3,188
CUST-1622,Anita,Nepal,Kathmandu,female,1996-10-08,2024-05-16,Organic,2025-05-16,Premium,Monthly,,,24.14,693,13,0,N,4,0,874
CUST-1623,Rajesh,India,Telangana,male,1978-09-25,2020-07-28,Paid,2021-07-28,Standard,Annual,2023-07-04,Too expensive,13.73,483,78,1,Y,1,3,1071
CUST-1624,Pooja,India,Maharashtra,male,1987-05-06,2022-04-28,Paid,2023-04-28,Basic,Monthly,,,9.09,484,44,0,N,3,0,1623
CUST-1625,Rohan,India,Delhi,female,1979-10-22,2021-01-04,Refferal,2022-01-04,Basic,Annual,,,7.96,549,37,0,N,5,0,2102
CUST-1626,Sunita,India,Nagaland,female,1976-06-03,2024-05-06,Refferal,2025-05-06,Basic,Monthly,2025-07-06,Lack of features,9.07,126,75,1,Y,1,3,426
CUST-1627,Sunita,India,Nagaland,male,1989-12-16,2024-01-21,Paid,2025-01-20,Basic,Monthly,2025-12-12,Poor customer support,8.91,202,82,1,Y,2,5,691
CUST-1628,Rajesh,India,Meghalaya,male,2003-10-15,2021-07-30,Paid,2022-07-30,Basic,Monthly,2022-06-30,Lack of features,10.68,117,82,1,N,5,1,335
CUST-1629,Swati,India,Delhi,male,1994-10-21,2021-11-19,Paid,2022-11-19,Premium,Monthly,,,27.73,1624,24,0,N,5,1,1783
CUST-1630,Rohan,India,Delhi,male,1978-01-07,2022-02-28,Paid,2023-02-28,Basic,Annual,2026-04-29,Switched to competitor,10.03,501,75,1,Y,2,2,1521
CUST-1631,Rohan,India,Maharashtra,male,1976-08-20,2022-09-18,Paid,2023-09-18,Standard,Annual,2024-03-07,Switched to competitor,13.13,231,83,1,Y,2,4,536
CUST-1632,Sneha,India,Telangana,female,1983-12-18,2020-06-11,Organic,2021-06-11,Basic,Annual,,,11.65,883,11,0,N,5,0,2309
CUST-1633,Sanjay,India,Maharashtra,female,1990-10-30,2022-09-03,Refferal,2023-09-03,Basic,Monthly,,,10.42,511,29,0,N,5,0,1495
CUST-1634,Swati,India,Karnataka,female,1992-02-17,2023-09-17,Paid,2024-09-16,Basic,Monthly,2025-02-04,Service outages,7.16,119,82,1,Y,1,2,506
CUST-1635,Arjun,India,Nagaland,male,1994-11-15,2020-12-15,Refferal,2021-12-15,Basic,Monthly,,,11.08,772,44,0,N,4,0,2122
CUST-1636,Rahul,India,Nagaland,female,2003-06-03,2021-10-31,Organic,2022-10-31,Premium,Annual,,,21.99,1301,38,0,N,3,0,1802
CUST-1637,Priya,India,Meghalaya,male,1999-01-15,2024-01-31,Paid,2025-01-30,Premium,Monthly,,,25.78,829,41,0,Y,2,2,980
CUST-1638,Divya,India,Karnataka,male,1992-12-11,2021-03-01,Paid,2022-03-01,Basic,Annual,,,9.32,626,17,0,N,4,0,2046
CUST-1639,Karan,India,Nagaland,female,2001-04-13,2020-11-22,Refferal,2021-11-22,Standard,Monthly,2025-07-18,Too expensive,15.51,865,99,1,Y,1,5,1699
CUST-1640,Ananya,India,Maharashtra,male,1996-11-28,2023-02-03,Refferal,2024-02-03,Standard,Monthly,2025-09-13,Switched to competitor,18.33,573,89,1,Y,2,2,953
CUST-1641,Amit,India,Karnataka,male,1988-04-08,2020-09-11,Paid,2021-09-11,Premium,Monthly,2023-08-22,Poor customer support,24.36,860,85,1,Y,1,4,1075
CUST-1642,Rahul,India,Maharashtra,female,2001-11-21,2020-12-23,Organic,2021-12-23,Premium,Monthly,,,20.74,1440,26,0,N,5,1,2114
CUST-1643,Swati,India,Nagaland,male,2000-02-25,2021-03-19,Paid,2022-03-19,Standard,Annual,,,18.67,1243,26,0,N,3,1,2028
CUST-1644,Rohan,India,Nagaland,female,1988-02-20,2020-04-22,Paid,2021-04-22,Standard,Monthly,2022-02-22,Switched to competitor,18.51,408,81,1,N,4,1,671
CUST-1645,Rahul,India,Telangana,male,1993-01-31,2022-11-19,Paid,2023-11-19,Premium,Annual,,,26.83,1249,18,0,Y,1,3,1418
CUST-1646,Rohan,Nepal,Kathmandu,female,2003-01-25,2021-06-07,Paid,2022-06-07,Basic,Monthly,2025-05-11,Poor customer support,9.33,439,78,1,Y,1,5,1434
CUST-1647,Ananya,Nepal,Kathmandu,male,1983-03-06,2021-11-19,Refferal,2022-11-19,Standard,Annual,,,13.55,793,3,0,N,4,0,1783
CUST-1648,Riya,India,Meghalaya,male,1976-02-05,2022-09-17,Organic,2023-09-17,Premium,Monthly,2025-02-26,Lack of features,27.9,818,79,1,Y,2,5,893
CUST-1649,Pooja,India,Maharashtra,female,1982-10-26,2020-02-15,Paid,2021-02-14,Standard,Annual,,,13.44,1071,43,0,N,5,1,2426
CUST-1650,Rahul,India,Maharashtra,male,2003-07-09,2023-04-09,Organic,2024-04-08,Standard,Annual,,,13.4,562,2,0,N,3,1,1277
CUST-1651,Arjun,India,Rajasthan,male,1984-05-05,2023-02-27,Organic,2024-02-27,Standard,Annual,,,16.21,701,8,0,N,4,0,1318
CUST-1652,Neha,India,Karnataka,male,1975-02-26,2022-01-26,Paid,2023-01-26,Basic,Monthly,2022-06-22,Too expensive,7.79,37,89,1,Y,1,4,147
CUST-1653,Karan,India,Uttar Pradesh,male,1996-12-18,2023-10-08,Refferal,2024-10-07,Standard,Annual,2024-11-16,Lack of features,13.04,173,80,1,N,4,1,405
CUST-1654,Amit,Nepal,Kathmandu,male,1980-02-19,2023-05-11,Paid,2024-05-10,Standard,Monthly,2026-05-10,Service outages,15.53,558,87,1,Y,1,5,1095
CUST-1655,Ananya,India,Nagaland,male,1987-06-10,2023-06-03,Refferal,2024-06-02,Standard,Monthly,,,13.81,554,39,0,N,4,0,1222
CUST-1656,Swati,India,Meghalaya,female,1986-10-08,2023-01-08,Paid,2024-01-08,Standard,Monthly,2025-12-24,Too expensive,13.95,495,83,1,N,4,0,1081
CUST-1657,Arjun,India,Uttar Pradesh,male,1985-04-26,2023-08-26,Refferal,2024-08-25,Premium,Monthly,,,20.76,776,39,0,N,5,1,1138
CUST-1658,Sneha,India,Delhi,male,1990-10-01,2022-11-24,Paid,2023-11-24,Basic,Annual,,,8.02,372,33,0,N,5,0,1413
CUST-1659,Neha,India,Meghalaya,male,1988-03-26,2021-07-17,Organic,2022-07-17,Standard,Monthly,2022-07-06,Poor customer support,17.28,200,98,1,N,4,0,354
CUST-1660,Karan,India,Delhi,male,1978-09-15,2020-06-09,Organic,2021-06-09,Standard,Monthly,2024-01-07,Switched to competitor,17.84,765,81,1,Y,1,3,1307
CUST-1661,Meera,India,Delhi,female,1988-08-27,2024-06-07,Paid,2025-06-07,Standard,Annual,2026-02-08,Service outages,15.71,315,97,1,Y,1,5,611
CUST-1662,Sunita,India,Delhi,male,1993-01-23,2022-04-19,Paid,2023-04-19,Basic,Monthly,,,9.52,510,33,0,N,4,0,1632
CUST-1663,Sneha,India,Telangana,female,1986-10-21,2023-12-29,Paid,2024-12-28,Standard,Annual,,,13.19,438,35,0,N,5,1,1013
CUST-1664,Karan,India,Telangana,male,1983-01-13,2021-06-21,Refferal,2022-06-21,Premium,Monthly,,,20.68,1313,2,0,N,4,0,1934
CUST-1665,Meera,India,Telangana,female,1975-01-23,2020-08-12,Paid,2021-08-12,Standard,Monthly,,,14.54,1073,35,0,N,3,0,2247
CUST-1666,Sanjay,India,Uttar Pradesh,female,2003-06-17,2024-01-09,Refferal,2025-01-08,Premium,Monthly,2024-11-25,Poor customer support,25.43,268,73,1,N,3,0,321
CUST-1667,Karan,India,Meghalaya,female,1978-04-24,2023-09-02,Paid,2024-09-01,Premium,Annual,,,27.39,1017,23,0,N,4,0,1131
CUST-1668,Sanjay,India,Meghalaya,female,2003-09-19,2023-12-08,Paid,2024-12-07,Basic,Annual,,,10.02,340,5,0,N,5,1,1034
CUST-1669,Rajesh,India,Nagaland,female,1999-06-24,2020-04-04,Paid,2021-04-04,Basic,Annual,2021-04-17,Service outages,8.95,111,84,1,Y,1,5,378
CUST-1670,Sunita,India,Telangana,male,1977-03-15,2023-06-02,Paid,2024-06-01,Premium,Monthly,2024-09-23,Service outages,21.17,333,85,1,N,4,0,479
CUST-1671,Neha,India,Nagaland,male,1997-10-17,2022-08-06,Refferal,2023-08-06,Premium,Monthly,,,27.8,1390,40,0,N,3,0,1523
CUST-1672,Sanjay,India,Karnataka,female,1987-02-03,2021-07-06,Organic,2022-07-06,Basic,Monthly,,,8.81,555,24,0,N,4,1,1919
CUST-1673,Suresh,India,Nagaland,male,1998-08-13,2021-10-06,Paid,2022-10-06,Basic,Monthly,,,10.67,640,40,0,N,3,1,1827
CUST-1674,Rohan,India,Uttar Pradesh,male,1989-01-28,2020-03-06,Refferal,2021-03-06,Basic,Monthly,2020-04-22,Lack of features,9.55,14,97,1,N,4,0,47
CUST-1675,Swati,Nepal,Kathmandu,female,1988-08-08,2023-11-21,Paid,2024-11-20,Premium,Annual,,,27.38,945,25,0,N,4,0,1051
CUST-1676,Neha,India,Delhi,male,1985-01-19,2023-05-18,Refferal,2024-05-17,Basic,Monthly,,,11.53,468,7,0,N,4,0,1238
CUST-1677,Ananya,India,Telangana,female,1994-12-19,2024-02-06,Paid,2025-02-05,Standard,Monthly,2024-06-29,Too expensive,18.52,87,75,1,N,5,1,144
CUST-1678,Neha,Nepal,Kathmandu,female,1994-03-03,2021-10-26,Refferal,2022-10-26,Premium,Annual,,,25.34,1504,7,0,N,4,1,1807
CUST-1679,Sanjay,India,Nagaland,female,1980-09-29,2021-11-14,Organic,2022-11-14,Basic,Annual,2023-06-07,Switched to competitor,9.55,178,92,1,Y,2,2,570
CUST-1680,Sanjay,India,Delhi,female,1998-02-13,2022-06-28,Paid,2023-06-28,Standard,Monthly,2023-03-10,Poor customer support,14.58,122,88,1,Y,2,4,255
CUST-1681,Aarav,India,Meghalaya,male,1988-11-09,2022-04-16,Refferal,2023-04-16,Basic,Monthly,,,11.67,626,22,0,N,5,1,1635
CUST-1682,Sneha,India,Maharashtra,male,2000-07-09,2021-07-24,Paid,2022-07-24,Premium,Monthly,,,24.57,1534,22,0,N,5,0,1901
CUST-1683,Swati,India,Delhi,male,1983-12-09,2021-11-26,Paid,2022-11-26,Basic,Monthly,,,7.63,445,27,0,Y,1,4,1776
CUST-1684,Suresh,India,Uttar Pradesh,male,1989-11-18,2024-02-22,Paid,2025-02-21,Standard,Annual,2025-10-15,Lack of features,15.59,307,94,1,Y,1,5,601
CUST-1685,Meera,India,Uttar Pradesh,female,1998-04-03,2020-06-28,Paid,2021-06-28,Standard,Monthly,,,13.75,1035,33,0,N,4,1,2292
CUST-1686,Neha,India,Nagaland,female,1993-04-27,2022-04-13,Paid,2023-04-13,Basic,Annual,2025-07-20,Poor customer support,9.5,372,82,1,N,4,0,1194
CUST-1687,Aarav,India,Karnataka,male,2002-11-04,2024-03-27,Paid,2025-03-27,Basic,Annual,2025-06-03,Switched to competitor,9.8,139,76,1,N,4,0,433
CUST-1688,Meera,India,Uttar Pradesh,male,1982-07-26,2024-01-22,Paid,2025-01-21,Standard,Annual,,,15.02,488,32,0,N,4,0,989
CUST-1689,Rahul,India,Uttar Pradesh,female,1985-12-19,2022-12-27,Paid,2023-12-27,Basic,Monthly,2026-07-05,Poor customer support,7.35,310,70,1,N,4,1,1286
CUST-1690,Sanjay,India,Nagaland,male,1983-11-16,2023-09-14,Refferal,2024-09-13,Premium,Monthly,,,29.43,1081,10,0,N,3,1,1119
CUST-1691,Amit,India,Delhi,male,1983-05-16,2020-07-20,Organic,2021-07-20,Premium,Annual,2025-02-16,Too expensive,27.72,1522,82,1,N,5,0,1672
CUST-1692,Sanjay,India,Karnataka,male,1976-07-04,2024-02-07,Paid,2025-02-06,Standard,Monthly,2026-02-21,Service outages,18.02,441,73,1,N,5,0,745
CUST-1693,Manish,Nepal,Kathmandu,female,1990-04-06,2024-03-21,Paid,2025-03-21,Standard,Monthly,,,15.19,464,29,0,N,4,0,930
CUST-1694,Pooja,India,Maharashtra,female,1989-10-25,2022-11-04,Paid,2023-11-04,Standard,Monthly,2025-06-03,Poor customer support,17.55,543,76,1,Y,1,4,942
CUST-1695,Priya,India,Telangana,female,1979-05-07,2022-12-01,Organic,2023-12-01,Premium,Monthly,2024-08-14,Poor customer support,24.84,507,75,1,Y,2,3,622
CUST-1696,Sneha,India,Meghalaya,female,2002-06-02,2021-06-26,Refferal,2022-06-26,Standard,Annual,,,14.2,899,6,0,N,3,0,1929
CUST-1697,Vikram,India,Uttar Pradesh,male,1991-03-18,2022-09-08,Paid,2023-09-08,Basic,Monthly,,,7.61,372,11,0,N,4,1,1490
CUST-1698,Karan,India,Nagaland,male,1989-05-27,2022-02-12,Paid,2023-02-12,Basic,Monthly,2023-07-23,Lack of features,8.72,150,92,1,N,4,0,526
CUST-1699,Amit,India,Telangana,female,1987-01-27,2023-08-05,Paid,2024-08-04,Standard,Monthly,,,13.82,526,9,0,N,4,0,1159
CUST-1700,Sanjay,India,Meghalaya,male,1990-11-01,2024-04-05,Paid,2025-04-05,Standard,Monthly,,,18.98,570,30,0,N,3,0,915
CUST-1701,Suresh,India,Meghalaya,female,1976-12-13,2021-11-24,Organic,2022-11-24,Standard,Annual,2024-04-07,Too expensive,13.29,377,91,1,Y,1,2,865
CUST-1702,Deepak,Nepal,Kathmandu,female,2003-05-21,2023-06-21,Organic,2024-06-20,Basic,Annual,,,9.2,363,39,0,Y,2,2,1204
CUST-1703,Pooja,Nepal,Kathmandu,female,1989-10-20,2021-09-03,Paid,2022-09-03,Standard,Monthly,,,15.7,959,9,0,N,5,1,1860
CUST-1704,Pooja,Nepal,Kathmandu,female,1996-11-16,2024-05-09,Refferal,2025-05-09,Basic,Monthly,2025-06-10,Switched to competitor,8.49,110,92,1,N,5,0,397
CUST-1705,Amit,India,Rajasthan,female,1995-04-26,2024-06-09,Paid,2025-06-09,Basic,Monthly,,,9.85,275,38,0,N,5,1,850
CUST-1706,Manish,India,Rajasthan,female,1993-09-26,2023-04-12,Paid,2024-04-11,Standard,Annual,,,13.89,581,33,0,N,5,0,1274
CUST-1707,Vikram,India,Meghalaya,male,1981-08-30,2024-04-06,Organic,2025-04-06,Basic,Monthly,2025-10-16,Switched to competitor,10.91,199,95,1,N,3,1,558
CUST-1708,Sunita,Nepal,Kathmandu,male,1984-01-15,2024-03-12,Refferal,2025-03-12,Standard,Annual,2024-07-22,Switched to competitor,14.98,64,85,1,Y,1,2,132
CUST-1709,Priya,India,Uttar Pradesh,male,1975-09-28,2020-08-31,Paid,2021-08-31,Basic,Monthly,,,9.95,728,9,0,N,5,0,2228
CUST-1710,Ananya,India,Telangana,female,2002-05-05,2020-02-29,Paid,2021-02-28,Standard,Annual,,,17.28,1369,23,0,N,5,1,2412
CUST-1711,Divya,India,Telangana,male,1977-12-15,2020-04-13,Organic,2021-04-13,Standard,Monthly,2022-05-16,Switched to competitor,18.32,459,84,1,N,4,0,763
CUST-1712,Sanjay,India,Rajasthan,female,1989-07-28,2021-10-12,Refferal,2022-10-12,Basic,Annual,2022-08-23,Too expensive,11.17,115,88,1,N,3,1,315
CUST-1713,Riya,India,Meghalaya,male,1999-01-30,2023-08-19,Paid,2024-08-18,Basic,Monthly,,,10.03,377,42,0,N,5,0,1145
CUST-1714,Vikram,India,Nagaland,female,1989-05-24,2022-10-07,Paid,2023-10-07,Premium,Annual,2024-11-16,Service outages,23.87,604,85,1,Y,2,5,771
CUST-1715,Ananya,India,Delhi,male,1996-11-08,2020-03-17,Paid,2021-03-17,Standard,Monthly,,,16.01,1259,25,0,N,4,0,2395
CUST-1716,Sanjay,India,Delhi,female,2001-10-08,2022-11-07,Organic,2023-11-07,Standard,Monthly,2025-07-01,Lack of features,17.6,559,72,1,N,4,0,967
CUST-1717,Divya,India,Rajasthan,female,1992-01-06,2024-04-06,Refferal,2025-04-06,Basic,Annual,,,11.38,341,13,0,N,3,0,914
CUST-1718,Rajesh,India,Nagaland,male,1988-09-15,2023-04-22,Paid,2024-04-21,Standard,Monthly,,,13.61,565,7,0,N,5,0,1264
CUST-1719,Rahul,India,Rajasthan,male,1985-11-29,2024-04-22,Refferal,2025-04-22,Standard,Annual,,,15.3,451,34,0,N,3,0,898
CUST-1720,Rajesh,India,Delhi,female,2001-04-01,2023-07-28,Refferal,2024-07-27,Standard,Annual,,,17.65,676,14,0,N,5,0,1167
CUST-1721,Neha,India,Nagaland,male,1999-01-26,2023-08-04,Paid,2024-08-03,Standard,Monthly,2024-03-07,Switched to competitor,15.58,110,92,1,Y,1,3,216
CUST-1722,Ananya,Nepal,Kathmandu,male,1998-11-01,2024-03-28,Paid,2025-03-28,Basic,Monthly,2025-04-24,Lack of features,8.65,111,92,1,Y,3,3,392
CUST-1723,Swati,India,Meghalaya,female,1991-05-28,2021-11-28,Refferal,2022-11-28,Basic,Monthly,2023-06-20,Too expensive,9.05,169,86,1,N,3,0,569
CUST-1724,Sanjay,India,Telangana,female,1992-01-19,2024-02-06,Refferal,2025-02-05,Premium,Monthly,,,26.02,832,13,0,N,4,0,974
CUST-1725,Rohan,India,Karnataka,female,2000-05-07,2022-08-03,Refferal,2023-08-03,Premium,Monthly,2026-03-06,Lack of features,29.99,1291,95,1,Y,3,3,1311
CUST-1726,Meera,India,Meghalaya,male,1996-06-12,2020-09-23,Organic,2021-09-23,Basic,Annual,2022-12-06,Switched to competitor,9.45,249,96,1,Y,2,4,804
CUST-1727,Sneha,Nepal,Kathmandu,male,1982-11-26,2022-02-19,Paid,2023-02-19,Standard,Monthly,,,14.24,791,2,0,N,3,1,1691
CUST-1728,Suresh,India,Delhi,female,1982-04-07,2021-08-31,Paid,2022-08-31,Basic,Monthly,,,7.8,477,37,0,N,4,0,1863
CUST-1729,Vikram,Nepal,Kathmandu,female,2000-05-29,2022-08-03,Organic,2023-08-03,Basic,Monthly,2025-08-17,Service outages,7.2,262,99,1,Y,1,5,1110
CUST-1730,Pooja,India,Rajasthan,female,1988-04-26,2023-10-12,Paid,2024-10-11,Basic,Monthly,2024-04-05,Poor customer support,9.78,56,73,1,N,4,0,176
CUST-1731,Rahul,India,Nagaland,male,1981-11-19,2022-10-21,Refferal,2023-10-21,Basic,Monthly,2023-08-04,Poor customer support,9.71,91,99,1,N,5,1,287
CUST-1732,Ananya,India,Telangana,male,1985-11-13,2022-11-16,Refferal,2023-11-16,Standard,Annual,,,14.22,663,3,0,N,4,1,1421
CUST-1733,Arjun,India,Uttar Pradesh,male,1983-12-29,2021-07-01,Refferal,2022-07-01,Standard,Annual,,,17.16,1084,14,0,Y,1,2,1924
CUST-1734,Karan,India,Rajasthan,male,1996-03-11,2020-06-08,Paid,2021-06-08,Basic,Monthly,2024-03-19,Too expensive,10.7,485,80,1,N,4,0,1380
CUST-1735,Kavita,India,Meghalaya,male,1987-07-03,2022-07-25,Refferal,2023-07-25,Basic,Annual,,,8.29,418,40,0,N,5,1,1535
CUST-1736,Priya,India,Rajasthan,male,1981-01-05,2021-02-02,Organic,2022-02-02,Premium,Monthly,2025-07-26,Poor customer support,23.43,1258,92,1,Y,1,3,1635
CUST-1737,Anita,India,Meghalaya,female,1977-02-28,2021-06-26,Refferal,2022-06-26,Basic,Annual,,,11.94,756,41,0,N,4,0,1929
CUST-1738,Priya,India,Uttar Pradesh,male,1984-07-07,2020-05-06,Paid,2021-05-06,Standard,Annual,,,15.24,1174,32,0,Y,3,2,2345
CUST-1739,Sunita,India,Maharashtra,female,2001-12-26,2022-10-05,Paid,2023-10-05,Basic,Annual,,,10.79,518,3,0,N,4,0,1463
CUST-1740,Priya,India,Telangana,female,1978-08-02,2022-08-05,Paid,2023-08-05,Standard,Monthly,,,15.71,786,42,0,N,4,1,1524
CUST-1741,Rajesh,India,Karnataka,female,1977-05-14,2020-07-28,Paid,2021-07-28,Basic,Monthly,2021-11-19,Poor customer support,10.96,172,70,1,Y,3,4,479
CUST-1742,Riya,Nepal,Kathmandu,male,1989-10-03,2020-05-29,Paid,2021-05-29,Basic,Monthly,2023-11-29,Poor customer support,10.84,455,78,1,Y,1,5,1279
CUST-1743,Kavita,India,Maharashtra,female,1984-03-17,2020-01-31,Organic,2021-01-30,Basic,Annual,,,10.33,828,9,0,N,4,1,2441
CUST-1744,Rajesh,India,Rajasthan,female,1997-06-29,2021-09-03,Refferal,2022-09-03,Basic,Monthly,2026-08-09,Switched to competitor,11.26,666,97,1,N,3,0,1801
CUST-1745,Pooja,Nepal,Kathmandu,female,1983-03-23,2020-10-28,Refferal,2021-10-28,Standard,Annual,,,18.63,1328,12,0,N,4,0,2170
CUST-1746,Kavita,India,Maharashtra,female,1998-04-12,2022-08-20,Refferal,2023-08-20,Standard,Monthly,2023-05-01,Lack of features,16.47,137,70,1,N,4,1,254
CUST-1747,Aarav,India,Nagaland,female,1978-05-16,2022-05-14,Paid,2023-05-14,Basic,Annual,,,8.18,431,16,0,N,3,1,1607
CUST-1748,Kavita,India,Nagaland,female,1996-10-16,2022-02-03,Organic,2023-02-03,Basic,Monthly,,,8.98,503,30,0,N,5,1,1707
CUST-1749,Swati,Nepal,Kathmandu,male,1982-06-04,2021-11-13,Paid,2022-11-13,Standard,Monthly,2025-05-03,Lack of features,17.54,730,77,1,N,4,0,1267
CUST-1750,Sunita,India,Meghalaya,female,1993-01-07,2020-09-13,Paid,2021-09-13,Standard,Monthly,,,16.9,1229,10,0,Y,3,2,2215
CUST-1751,Sunita,India,Meghalaya,male,1996-02-05,2022-07-28,Paid,2023-07-28,Premium,Monthly,2023-06-05,Poor customer support,21.77,223,70,1,Y,2,4,312
CUST-1752,Divya,India,Rajasthan,female,1976-02-26,2022-12-16,Organic,2023-12-16,Standard,Monthly,,,13.3,607,38,0,N,4,0,1391
CUST-1753,Arjun,India,Maharashtra,male,2002-04-14,2020-01-09,Organic,2021-01-08,Standard,Annual,2025-06-01,Poor customer support,17.09,1106,78,1,N,4,0,1970
CUST-1754,Riya,India,Maharashtra,male,1977-08-04,2022-10-25,Paid,2023-10-25,Standard,Monthly,2025-12-16,Service outages,14.5,546,88,1,N,5,0,1148
CUST-1755,Priya,Nepal,Kathmandu,female,2000-09-04,2022-04-26,Organic,2023-04-26,Premium,Monthly,2023-12-20,Lack of features,24.99,495,91,1,N,5,0,603
CUST-1756,Rohan,India,Delhi,female,1980-01-09,2023-02-11,Paid,2024-02-11,Premium,Annual,,,27.46,1203,16,0,N,4,1,1334
CUST-1757,Anita,India,Nagaland,male,1979-04-14,2022-02-15,Paid,2023-02-15,Basic,Monthly,2023-06-26,Switched to competitor,9.8,159,88,1,N,4,1,496
CUST-1758,Riya,India,Maharashtra,male,1995-01-28,2021-11-15,Organic,2022-11-15,Basic,Annual,2023-06-12,Too expensive,7.41,139,80,1,Y,2,4,574
CUST-1759,Vikram,Nepal,Kathmandu,female,1988-07-15,2022-01-01,Organic,2023-01-01,Basic,Annual,2026-04-27,Switched to competitor,7.92,410,99,1,Y,1,3,1577
CUST-1760,Amit,India,Uttar Pradesh,male,2002-10-05,2023-05-13,Refferal,2024-05-12,Standard,Monthly,,,14.31,584,11,0,N,4,0,1243
CUST-1761,Aarav,India,Karnataka,female,1978-08-01,2020-01-24,Refferal,2021-01-23,Standard,Monthly,,,14.54,1169,14,0,N,4,0,2448
CUST-1762,Sneha,India,Uttar Pradesh,male,1983-03-06,2021-05-07,Organic,2022-05-07,Standard,Monthly,2023-05-10,Lack of features,16.38,394,76,1,N,5,0,733
CUST-1763,Arjun,India,Telangana,female,1976-01-22,2022-08-27,Refferal,2023-08-27,Basic,Annual,,,9.51,469,26,0,N,5,0,1502
CUST-1764,Arjun,India,Rajasthan,female,1991-10-15,2023-11-30,Organic,2024-11-29,Standard,Monthly,2026-01-31,Poor customer support,14.21,370,81,1,N,4,1,793
CUST-1765,Suresh,India,Maharashtra,male,2000-08-10,2020-04-12,Refferal,2021-04-12,Premium,Annual,2021-09-18,Lack of features,20.67,355,89,1,Y,3,2,524
CUST-1766,Amit,India,Telangana,male,1983-12-03,2022-12-19,Organic,2023-12-19,Basic,Annual,,,7.85,357,20,0,N,3,0,1388
CUST-1767,Deepak,India,Telangana,male,1991-10-05,2023-01-14,Organic,2024-01-14,Standard,Monthly,,,18.9,845,5,0,N,4,1,1362
CUST-1768,Ananya,Nepal,Kathmandu,female,1988-03-04,2022-02-05,Paid,2023-02-05,Standard,Annual,2024-04-12,Lack of features,15.8,413,70,1,Y,2,4,797
CUST-1769,Divya,India,Maharashtra,female,1992-12-31,2022-10-19,Organic,2023-10-19,Premium,Annual,2024-02-15,Too expensive,28.66,455,80,1,N,5,0,484
CUST-1770,Ananya,India,Karnataka,female,1993-05-03,2021-01-06,Paid,2022-01-06,Premium,Monthly,,,28.48,1964,10,0,N,5,1,2100
CUST-1771,Priya,Nepal,Kathmandu,male,1985-10-08,2021-11-09,Paid,2022-11-09,Standard,Annual,,,16.06,945,28,0,N,4,0,1793
CUST-1772,Rajesh,Nepal,Kathmandu,male,1978-12-10,2021-08-18,Refferal,2022-08-18,Standard,Annual,2023-09-02,Lack of features,17.23,421,82,1,Y,1,3,745
CUST-1773,Rohan,India,Rajasthan,male,1991-11-22,2020-07-20,Paid,2021-07-20,Premium,Monthly,2026-02-02,Service outages,21.92,1456,84,1,Y,2,2,2023
CUST-1774,Sanjay,India,Rajasthan,male,1987-04-08,2024-06-13,Refferal,2025-06-13,Standard,Monthly,,,17.12,475,34,0,Y,1,5,846
CUST-1775,Rahul,India,Nagaland,female,1975-02-25,2020-03-29,Organic,2021-03-29,Basic,Monthly,,,8.35,653,13,0,Y,3,5,2383
CUST-1776,Vikram,India,Nagaland,female,1984-02-07,2021-03-12,Paid,2022-03-12,Premium,Monthly,,,28.31,1892,44,0,N,5,0,2035
CUST-1777,Arjun,India,Meghalaya,female,1993-07-22,2020-04-29,Paid,2021-04-29,Basic,Annual,2024-04-13,Lack of features,7.41,351,94,1,N,4,0,1445
CUST-1778,Deepak,India,Delhi,male,1975-04-16,2020-06-04,Organic,2021-06-04,Basic,Monthly,2024-06-04,Lack of features,10.86,521,92,1,N,3,1,1461
CUST-1779,Amit,India,Maharashtra,female,1983-10-07,2021-02-02,Paid,2022-02-02,Premium,Annual,,,20.99,1429,36,0,N,4,0,2073
CUST-1780,Anita,India,Maharashtra,female,1976-10-31,2020-07-06,Paid,2021-07-06,Standard,Monthly,,,18.28,1371,12,0,Y,1,2,2284
CUST-1781,Ananya,India,Telangana,female,1999-06-18,2022-12-11,Paid,2023-12-11,Standard,Monthly,,,14.82,679,2,0,N,5,0,1396
CUST-1782,Arjun,India,Maharashtra,female,1977-08-24,2021-10-13,Refferal,2022-10-13,Basic,Annual,2022-01-20,Poor customer support,10.26,33,89,1,N,5,1,99
CUST-1783,Divya,India,Maharashtra,male,1975-11-04,2024-04-03,Refferal,2025-04-03,Basic,Annual,,,9.43,284,16,0,N,5,0,917
CUST-1784,Anita,India,Delhi,male,1980-11-08,2024-02-12,Organic,2025-02-11,Basic,Monthly,2024-11-01,Service outages,8.82,76,83,1,Y,1,3,263
CUST-1785,Kavita,India,Nagaland,female,1975-04-20,2021-08-09,Paid,2022-08-09,Basic,Monthly,,,10.22,632,2,0,N,4,1,1885
CUST-1786,Amit,India,Nagaland,male,1984-12-11,2020-08-17,Organic,2021-08-17,Standard,Monthly,,,18.68,1375,16,0,N,5,0,2242
CUST-1787,Rohan,India,Karnataka,male,1993-06-03,2024-02-13,Refferal,2025-02-12,Basic,Monthly,2025-11-21,Too expensive,7.2,153,73,1,N,4,0,647
CUST-1788,Rajesh,India,Maharashtra,female,1990-07-25,2023-02-27,Paid,2024-02-27,Standard,Monthly,2023-04-25,Lack of features,18.5,34,80,1,Y,3,3,57
CUST-1789,Riya,India,Delhi,female,1992-10-17,2020-02-24,Refferal,2021-02-23,Basic,Monthly,,,10.04,797,13,0,N,4,1,2417
CUST-1790,Swati,India,Nagaland,female,1980-03-30,2020-09-27,Refferal,2021-09-27,Premium,Annual,,,28.06,2028,38,0,N,4,0,2201
CUST-1791,Manish,India,Delhi,male,1976-07-10,2023-01-28,Refferal,2024-01-28,Basic,Monthly,2025-08-23,Lack of features,8.91,274,86,1,Y,1,2,938
CUST-1792,Arjun,India,Uttar Pradesh,male,1995-11-11,2022-12-28,Paid,2023-12-28,Basic,Annual,2026-09-08,Service outages,9.35,414,70,1,N,3,0,1350
CUST-1793,Meera,India,Maharashtra,female,1975-04-15,2023-08-15,Paid,2024-08-14,Basic,Annual,2024-07-31,Poor customer support,11.33,130,78,1,Y,2,4,351
CUST-1794,Karan,India,Karnataka,female,1980-08-09,2022-08-27,Paid,2023-08-27,Standard,Monthly,,,15.48,763,21,0,N,4,0,1502
CUST-1795,Anita,India,Telangana,female,1975-05-26,2024-04-01,Paid,2025-04-01,Standard,Annual,,,16.2,489,18,0,N,4,1,919
CUST-1796,Sneha,India,Nagaland,female,1977-05-23,2023-10-09,Refferal,2024-10-08,Standard,Monthly,,,13.11,471,43,0,N,4,0,1094
CUST-1797,Suresh,India,Uttar Pradesh,female,1975-10-26,2023-03-21,Paid,2024-03-20,Standard,Annual,,,13.94,593,32,0,N,5,0,1296
CUST-1798,Karan,India,Delhi,female,1983-11-13,2020-11-25,Refferal,2021-11-25,Basic,Monthly,2026-08-23,Poor customer support,10.2,702,83,1,Y,2,2,2097
CUST-1799,Rohan,India,Rajasthan,male,1999-03-13,2020-04-25,Paid,2021-04-25,Standard,Monthly,2023-11-28,Lack of features,17.29,745,71,1,N,5,1,1312
CUST-1800,Aarav,Nepal,Kathmandu,female,1992-06-22,2024-04-14,Paid,2025-04-14,Standard,Annual,,,16.49,490,20,0,N,4,0,906
CUST-1801,Sneha,India,Maharashtra,female,1981-11-16,2020-11-18,Refferal,2021-11-18,Basic,Monthly,,,7.71,544,43,0,N,4,0,2149
CUST-1802,Arjun,India,Maharashtra,female,1993-01-22,2021-07-16,Paid,2022-07-16,Basic,Annual,2023-09-18,Switched to competitor,9.22,240,71,1,N,3,0,794
CUST-1803,Ananya,India,Uttar Pradesh,male,1977-02-22,2024-05-14,Organic,2025-05-14,Basic,Annual,2025-04-11,Switched to competitor,8.77,95,73,1,N,5,1,332
CUST-1804,Rohan,India,Delhi,female,1988-09-01,2020-08-16,Paid,2021-08-16,Basic,Monthly,2022-08-30,Poor customer support,9.47,231,96,1,N,4,0,744
CUST-1805,Rajesh,India,Meghalaya,male,1976-01-06,2020-12-25,Paid,2021-12-25,Standard,Monthly,2021-03-22,Switched to competitor,18.21,52,82,1,N,5,0,87
CUST-1806,Swati,India,Maharashtra,male,1976-05-01,2022-10-25,Organic,2023-10-25,Basic,Monthly,2024-12-30,Lack of features,10.87,284,75,1,Y,3,5,797
CUST-1807,Riya,India,Meghalaya,male,1995-03-15,2020-01-28,Refferal,2021-01-27,Basic,Annual,2021-02-27,Too expensive,7.41,96,76,1,Y,2,3,396
CUST-1808,Sunita,India,Rajasthan,female,2003-01-03,2023-10-19,Paid,2024-10-18,Basic,Annual,,,11.44,407,22,0,N,5,1,1084
CUST-1809,Arjun,India,Uttar Pradesh,male,1983-10-02,2024-01-25,Paid,2025-01-24,Premium,Monthly,2026-01-23,Service outages,24.71,591,89,1,N,4,0,729
CUST-1810,Riya,India,Delhi,male,2001-02-25,2023-06-08,Refferal,2024-06-07,Premium,Monthly,,,27.43,1096,35,0,N,5,0,1217
CUST-1811,Meera,India,Delhi,male,1986-09-27,2023-11-19,Organic,2024-11-18,Basic,Annual,2024-04-19,Service outages,7.69,38,73,1,Y,2,3,152
CUST-1812,Neha,Nepal,Kathmandu,female,1981-03-11,2022-05-18,Organic,2023-05-18,Basic,Monthly,2024-01-03,Lack of features,10.34,202,97,1,N,5,1,595
CUST-1813,Divya,India,Nagaland,male,2000-01-18,2023-07-18,Paid,2024-07-17,Basic,Annual,,,8.17,315,20,0,N,5,0,1177
CUST-1814,Rajesh,India,Nagaland,male,1998-06-21,2023-08-20,Organic,2024-08-19,Standard,Annual,,,15.62,587,35,0,N,4,1,1144
CUST-1815,Manish,India,Telangana,female,1975-08-27,2023-11-07,Paid,2024-11-06,Basic,Annual,,,7.07,247,33,0,N,4,0,1065
CUST-1816,Neha,India,Karnataka,male,1993-09-26,2024-04-30,Paid,2025-04-30,Standard,Monthly,,,13.9,406,21,0,N,5,0,890
CUST-1817,Arjun,India,Uttar Pradesh,female,1978-01-10,2020-01-28,Organic,2021-01-27,Standard,Monthly,,,13.54,1087,14,0,N,4,0,2444
CUST-1818,Divya,India,Rajasthan,female,1978-10-18,2024-03-22,Paid,2025-03-22,Premium,Monthly,2024-06-02,Service outages,22.39,52,91,1,N,4,0,72
CUST-1819,Sunita,India,Delhi,male,2003-08-03,2022-01-13,Paid,2023-01-13,Basic,Monthly,2026-10-02,Switched to competitor,7.49,423,97,1,N,4,0,1723
CUST-1820,Anita,Nepal,Kathmandu,male,2001-08-11,2023-05-07,Paid,2024-05-06,Premium,Annual,,,26.91,1104,30,0,N,4,1,1249
CUST-1821,Vikram,India,Meghalaya,female,1979-07-26,2024-06-17,Paid,2025-06-17,Premium,Monthly,,,20.28,560,29,0,N,4,0,842
CUST-1822,Rohan,India,Uttar Pradesh,male,1982-05-15,2023-01-10,Refferal,2024-01-10,Basic,Annual,,,10.08,452,36,0,N,3,1,1366
CUST-1823,Riya,India,Telangana,male,1996-03-27,2023-01-16,Refferal,2024-01-16,Basic,Monthly,2023-04-17,Poor customer support,7.69,22,86,1,N,5,0,91
CUST-1824,Manish,India,Uttar Pradesh,male,1980-06-19,2023-11-14,Paid,2024-11-13,Basic,Monthly,2026-01-23,Service outages,11.72,308,79,1,N,4,0,801
CUST-1825,Swati,India,Telangana,female,1978-11-26,2021-08-02,Refferal,2022-08-02,Basic,Monthly,2024-09-29,Service outages,11.66,442,98,1,Y,2,5,1154
CUST-1826,Rohan,India,Delhi,male,1996-12-19,2021-03-26,Organic,2022-03-26,Basic,Annual,2026-10-04,Lack of features,8.12,538,76,1,N,4,0,2018
CUST-1827,Anita,India,Karnataka,female,1993-10-02,2021-03-08,Organic,2022-03-08,Standard,Monthly,2024-10-24,Service outages,16.68,726,82,1,N,5,0,1326
CUST-1828,Divya,India,Telangana,female,1983-11-22,2021-01-08,Paid,2022-01-08,Standard,Monthly,2024-07-18,Poor customer support,13.16,556,94,1,N,4,0,1287
CUST-1829,Arjun,India,Delhi,male,1982-02-05,2021-03-10,Organic,2022-03-10,Premium,Annual,,,29.31,1961,13,0,N,4,0,2037
CUST-1830,Divya,India,Delhi,male,1979-01-30,2023-04-25,Refferal,2024-04-24,Basic,Monthly,2024-08-17,Poor customer support,9.6,151,91,1,N,4,0,480
CUST-1831,Vikram,India,Karnataka,female,1978-05-09,2023-11-14,Paid,2024-11-13,Premium,Monthly,2024-09-18,Poor customer support,20.42,207,83,1,Y,3,3,309
CUST-1832,Rajesh,India,Nagaland,male,1982-01-31,2020-08-05,Paid,2021-08-05,Basic,Monthly,2020-12-15,Switched to competitor,8.7,37,75,1,N,3,0,132
CUST-1833,Riya,India,Uttar Pradesh,female,1996-02-14,2023-02-05,Paid,2024-02-05,Premium,Monthly,,,20.76,913,16,0,N,4,0,1340
CUST-1834,Anita,India,Maharashtra,male,1983-05-23,2024-04-22,Refferal,2025-04-22,Basic,Annual,,,8.95,264,41,0,N,5,0,898
CUST-1835,Priya,India,Maharashtra,male,1996-05-14,2022-08-05,Paid,2023-08-05,Basic,Monthly,2026-09-01,Switched to competitor,10.34,505,89,1,N,4,0,1488
CUST-1836,Rahul,India,Meghalaya,male,1977-04-12,2020-12-14,Refferal,2021-12-14,Premium,Monthly,,,24.69,1721,21,0,N,4,0,2123
CUST-1837,Sneha,India,Meghalaya,male,1981-09-06,2022-02-26,Paid,2023-02-26,Basic,Monthly,2024-05-20,Lack of features,8.91,238,90,1,N,4,0,814
CUST-1838,Meera,India,Maharashtra,male,1988-02-17,2024-03-25,Organic,2025-03-25,Standard,Annual,,,13.7,416,44,0,N,3,1,926
CUST-1839,Kavita,India,Rajasthan,female,1979-07-05,2020-01-26,Paid,2021-01-25,Standard,Monthly,2021-06-11,Poor customer support,14.46,238,85,1,N,4,0,502
CUST-1840,Kavita,India,Maharashtra,male,1976-03-16,2022-12-07,Organic,2023-12-07,Standard,Annual,,,13.59,625,5,0,N,3,1,1400
CUST-1841,Manish,India,Meghalaya,male,1991-04-23,2022-05-08,Organic,2023-05-08,Standard,Monthly,2024-06-11,Switched to competitor,17.83,448,93,1,Y,1,2,765
CUST-1842,Manish,Nepal,Kathmandu,male,2001-08-13,2021-01-04,Paid,2022-01-04,Standard,Monthly,2026-05-01,Switched to competitor,13.8,880,80,1,N,5,0,1943
CUST-1843,Ananya,India,Meghalaya,female,1981-06-25,2022-11-03,Paid,2023-11-03,Basic,Annual,,,9.97,469,1,0,N,5,1,1434
CUST-1844,Swati,India,Rajasthan,male,1993-05-02,2024-06-23,Paid,2025-06-23,Standard,Monthly,,,15.05,413,10,0,Y,3,4,836
CUST-1845,Neha,India,Uttar Pradesh,female,1989-03-18,2023-04-25,Organic,2024-04-24,Premium,Annual,,,22.25,921,43,0,Y,1,5,1261
CUST-1846,Amit,India,Maharashtra,male,1987-10-08,2024-03-27,Refferal,2025-03-27,Basic,Monthly,2025-11-08,Service outages,10.19,197,84,1,N,3,1,591
CUST-1847,Sanjay,India,Karnataka,male,1994-05-03,2022-06-02,Paid,2023-06-02,Basic,Annual,,,9.28,484,35,0,N,4,0,1588
CUST-1848,Rajesh,Nepal,Kathmandu,male,1986-11-10,2020-10-05,Paid,2021-10-05,Standard,Monthly,,,15.39,1108,31,0,N,3,0,2193
CUST-1849,Neha,India,Delhi,female,2000-12-31,2020-12-06,Paid,2021-12-06,Standard,Annual,,,16.55,1158,15,0,N,4,0,2131
CUST-1850,Manish,India,Rajasthan,male,1983-04-23,2023-09-13,Organic,2024-09-12,Standard,Monthly,2025-09-29,Service outages,15.94,391,80,1,Y,1,4,747
CUST-1851,Sunita,India,Meghalaya,male,2000-09-03,2021-08-29,Refferal,2022-08-29,Basic,Monthly,,,8.51,521,9,0,N,4,0,1865
CUST-1852,Sunita,India,Karnataka,male,1983-12-07,2022-11-14,Organic,2023-11-14,Standard,Monthly,2026-02-25,Switched to competitor,16.34,643,71,1,Y,1,2,1199
CUST-1853,Divya,India,Telangana,female,1980-10-08,2021-06-12,Paid,2022-06-12,Basic,Monthly,2024-07-24,Switched to competitor,10.34,386,81,1,N,4,0,1138
CUST-1854,Arjun,India,Nagaland,male,1994-04-07,2021-03-01,Paid,2022-03-01,Standard,Monthly,,,13.15,883,30,0,N,4,1,2046
CUST-1855,Sneha,India,Maharashtra,male,2002-06-20,2020-01-29,Organic,2021-01-28,Premium,Monthly,,,24.65,1978,16,0,N,3,0,2443
CUST-1856,Amit,India,Nagaland,male,1986-10-30,2022-08-13,Paid,2023-08-13,Basic,Monthly,,,7.28,362,1,0,N,4,1,1516
CUST-1857,Sanjay,India,Rajasthan,male,1991-04-05,2020-11-18,Organic,2021-11-18,Standard,Annual,2021-08-28,Lack of features,14.11,131,85,1,Y,1,4,283
CUST-1858,Aarav,India,Telangana,female,1982-07-10,2020-11-08,Paid,2021-11-08,Premium,Annual,,,25.6,1815,6,0,N,4,0,2159
CUST-1859,Sneha,India,Telangana,female,1987-10-22,2021-08-06,Paid,2022-08-06,Standard,Annual,,,18.19,1128,11,0,N,3,1,1888
CUST-1860,Rahul,India,Telangana,male,1996-10-29,2023-07-17,Refferal,2024-07-16,Premium,Monthly,,,28.82,1115,33,0,N,5,1,1178
CUST-1861,Neha,India,Delhi,male,1986-09-04,2022-01-31,Organic,2023-01-31,Standard,Monthly,2023-06-18,Too expensive,13.41,221,89,1,Y,1,5,503
CUST-1862,Amit,India,Rajasthan,male,1983-07-31,2020-10-21,Organic,2021-10-21,Premium,Monthly,,,24.18,1729,17,0,N,3,1,2177
CUST-1863,Kavita,India,Uttar Pradesh,male,1979-01-05,2021-10-17,Paid,2022-10-17,Basic,Annual,2025-01-15,Switched to competitor,9.91,386,92,1,N,4,0,1186
CUST-1864,Suresh,India,Nagaland,male,1986-04-02,2022-02-24,Paid,2023-02-24,Basic,Monthly,,,7.73,428,34,0,Y,1,5,1686
CUST-1865,Swati,India,Uttar Pradesh,female,1981-01-20,2020-08-10,Refferal,2021-08-10,Basic,Monthly,2024-09-26,Too expensive,10.82,536,83,1,N,4,0,1508
CUST-1866,Rahul,India,Karnataka,female,1990-03-02,2020-03-15,Refferal,2021-03-15,Standard,Annual,2023-11-26,Lack of features,17.46,774,77,1,Y,2,3,1351
CUST-1867,Rajesh,Nepal,Kathmandu,female,2001-08-27,2020-04-11,Refferal,2021-04-11,Premium,Monthly,,,29.02,2259,25,0,N,5,0,2370
CUST-1868,Riya,Nepal,Kathmandu,female,1979-08-17,2024-04-04,Paid,2025-04-04,Basic,Annual,2026-03-29,Lack of features,7.03,167,92,1,N,4,0,724
CUST-1869,Divya,India,Uttar Pradesh,female,2001-09-24,2022-06-03,Organic,2023-06-03,Standard,Annual,,,14.29,745,22,0,N,5,0,1587
CUST-1870,Arjun,India,Maharashtra,female,1996-02-27,2020-06-21,Refferal,2021-06-21,Standard,Monthly,,,17.95,1355,26,0,N,5,1,2299
CUST-1871,Meera,India,Karnataka,male,1996-04-04,2022-10-24,Organic,2023-10-24,Standard,Monthly,,,17.01,806,27,0,N,3,0,1444
CUST-1872,Kavita,India,Rajasthan,female,1987-06-08,2024-02-11,Refferal,2025-02-10,Basic,Monthly,,,11.46,364,38,0,N,4,1,969
CUST-1873,Kavita,India,Meghalaya,male,1984-09-11,2021-01-29,Paid,2022-01-29,Standard,Annual,,,13.33,909,9,0,N,4,1,2077
CUST-1874,Anita,Nepal,Kathmandu,male,1977-03-29,2022-04-12,Organic,2023-04-12,Basic,Monthly,2023-05-07,Poor customer support,9.97,127,74,1,Y,2,3,390
CUST-1875,Aarav,India,Meghalaya,female,1987-05-19,2022-09-30,Refferal,2023-09-30,Basic,Annual,,,9.84,474,5,0,N,5,1,1468
CUST-1876,Pooja,India,Karnataka,male,1978-01-29,2020-06-15,Organic,2021-06-15,Premium,Monthly,2024-03-26,Lack of features,20.35,922,87,1,N,5,0,1380
CUST-1877,Neha,India,Nagaland,male,1990-07-01,2020-10-26,Organic,2021-10-26,Basic,Monthly,,,9.56,682,22,0,N,4,1,2172
CUST-1878,Sunita,Nepal,Kathmandu,female,1990-06-12,2020-04-27,Refferal,2021-04-27,Basic,Monthly,,,10.04,776,12,0,N,5,0,2354
CUST-1879,Aarav,India,Maharashtra,male,1978-02-03,2021-05-26,Refferal,2022-05-26,Premium,Annual,,,21.9,1410,44,0,N,5,0,1960
CUST-1880,Ananya,India,Maharashtra,male,1979-08-30,2021-09-03,Paid,2022-09-03,Basic,Monthly,2025-04-04,Switched to competitor,8.36,359,91,1,N,4,0,1309
CUST-1881,Aarav,India,Telangana,female,1980-06-24,2023-04-13,Paid,2024-04-12,Standard,Annual,,,16.83,703,6,0,N,3,0,1273
CUST-1882,Aarav,India,Delhi,female,1993-12-04,2020-06-07,Paid,2021-06-07,Basic,Monthly,,,9.33,708,36,0,N,5,0,2313
CUST-1883,Rahul,India,Karnataka,female,1985-08-14,2023-11-08,Paid,2024-11-07,Basic,Monthly,2025-12-10,Poor customer support,11.28,282,96,1,N,3,1,763
CUST-1884,Sanjay,Nepal,Kathmandu,male,1994-10-20,2023-06-04,Paid,2024-06-03,Basic,Annual,,,8.7,348,15,0,N,5,0,1221
CUST-1885,Aarav,India,Delhi,male,2002-05-17,2022-11-27,Paid,2023-11-27,Basic,Annual,,,8.32,385,17,0,Y,1,4,1410
CUST-1886,Sanjay,India,Karnataka,female,1992-05-02,2021-04-07,Paid,2022-04-07,Standard,Monthly,2026-04-05,Lack of features,18.9,1132,72,1,Y,2,2,1824
CUST-1887,Anita,India,Uttar Pradesh,female,1991-07-11,2023-12-25,Paid,2024-12-24,Standard,Monthly,2025-02-01,Switched to competitor,18.46,245,79,1,N,4,0,404
CUST-1888,Kavita,India,Rajasthan,male,2003-04-28,2020-04-13,Paid,2021-04-13,Standard,Annual,2024-06-02,Poor customer support,13.16,653,94,1,Y,2,5,1511
CUST-1889,Vikram,India,Rajasthan,male,1992-11-10,2022-09-08,Paid,2023-09-08,Premium,Monthly,,,27.7,1355,21,0,N,5,0,1490
CUST-1890,Ananya,India,Telangana,male,1997-03-17,2023-05-01,Refferal,2024-04-30,Basic,Monthly,2024-03-08,Poor customer support,7.54,77,91,1,N,5,1,312
CUST-1891,Sneha,India,Telangana,female,1998-12-02,2020-09-06,Refferal,2021-09-06,Standard,Annual,,,13.15,959,40,0,Y,2,5,2222
CUST-1892,Vikram,India,Rajasthan,male,1981-07-29,2022-11-02,Paid,2023-11-02,Standard,Monthly,,,14.63,689,9,0,N,5,0,1435
CUST-1893,Divya,India,Nagaland,female,2003-11-26,2021-07-20,Refferal,2022-07-20,Premium,Monthly,2026-02-17,Switched to competitor,22.68,1246,93,1,N,4,1,1673
CUST-1894,Sunita,Nepal,Kathmandu,male,2000-12-16,2021-08-19,Organic,2022-08-19,Basic,Monthly,,,11.09,683,32,0,N,5,0,1875
CUST-1895,Arjun,India,Rajasthan,female,2002-07-25,2021-09-12,Paid,2022-09-12,Standard,Annual,,,17.25,1048,3,0,N,4,0,1851
CUST-1896,Ananya,India,Nagaland,female,1999-07-28,2021-07-08,Refferal,2022-07-08,Premium,Annual,,,29.81,1877,33,0,N,5,0,1917
CUST-1897,Pooja,India,Delhi,female,1976-06-23,2023-11-12,Organic,2024-11-11,Basic,Monthly,2025-03-30,Lack of features,10.55,174,80,1,N,5,1,504
CUST-1898,Deepak,India,Nagaland,male,1990-05-17,2020-03-11,Organic,2021-03-11,Premium,Monthly,2021-04-02,Poor customer support,24.17,307,82,1,Y,2,3,387
CUST-1899,Riya,India,Delhi,female,1983-02-04,2022-08-13,Paid,2023-08-13,Basic,Monthly,,,10.48,521,12,0,N,5,1,1516
CUST-1900,Rajesh,India,Karnataka,female,1997-02-11,2024-05-13,Refferal,2025-05-13,Standard,Annual,,,18.99,547,29,0,N,4,0,877
CUST-1901,Neha,India,Meghalaya,male,1985-03-11,2022-08-30,Paid,2023-08-30,Premium,Monthly,2022-10-23,Lack of features,27.09,48,90,1,N,4,1,54
CUST-1902,Amit,India,Karnataka,female,2002-06-13,2021-03-13,Refferal,2022-03-13,Standard,Annual,,,17.56,1173,39,0,N,5,1,2034
CUST-1903,Rohan,India,Rajasthan,female,1988-12-05,2022-12-03,Organic,2023-12-03,Standard,Monthly,2026-04-24,Too expensive,18.62,757,71,1,N,4,1,1238
CUST-1904,Sneha,India,Delhi,female,2003-04-22,2023-07-19,Refferal,2024-07-18,Basic,Annual,2024-02-19,Too expensive,7.56,53,70,1,Y,2,2,215
CUST-1905,Rahul,India,Rajasthan,female,1992-09-08,2022-11-03,Organic,2023-11-03,Premium,Monthly,,,27.04,1273,32,0,Y,2,5,1434
CUST-1906,Sneha,Nepal,Kathmandu,male,1980-12-10,2023-10-26,Paid,2024-10-25,Standard,Annual,2026-07-23,Poor customer support,18.09,594,89,1,Y,1,3,1001
CUST-1907,Rahul,India,Maharashtra,male,1984-04-14,2023-02-09,Organic,2024-02-09,Basic,Monthly,2024-10-05,Service outages,11.76,233,72,1,Y,1,3,604
CUST-1908,Vikram,India,Rajasthan,male,1994-01-03,2023-11-03,Refferal,2024-11-02,Standard,Monthly,,,14.26,500,4,0,N,3,0,1069
CUST-1909,Rahul,Nepal,Kathmandu,female,1979-06-05,2020-11-09,Paid,2021-11-09,Standard,Annual,,,16.01,1135,17,0,Y,1,4,2158
CUST-1910,Sunita,India,Nagaland,female,1999-12-09,2023-12-09,Refferal,2024-12-08,Basic,Annual,2025-06-28,Service outages,10.39,193,87,1,N,3,1,567
CUST-1911,Riya,India,Karnataka,female,1992-09-06,2021-04-29,Paid,2022-04-29,Basic,Monthly,,,8.23,537,17,0,N,4,0,1987
CUST-1912,Neha,India,Nagaland,male,1982-07-19,2020-06-17,Paid,2021-06-17,Basic,Annual,,,9.99,755,19,0,N,4,0,2303
CUST-1913,Neha,India,Maharashtra,male,1993-10-06,2022-06-06,Organic,2023-06-06,Standard,Monthly,2022-12-26,Poor customer support,14.54,96,73,1,N,4,1,203
CUST-1914,Sunita,India,Delhi,female,1996-02-09,2022-03-13,Paid,2023-03-13,Standard,Annual,,,14.99,821,29,0,N,4,1,1669
CUST-1915,Anita,Nepal,Kathmandu,male,1980-04-20,2020-09-02,Refferal,2021-09-02,Standard,Monthly,2022-01-01,Service outages,15.64,249,86,1,Y,1,2,486
CUST-1916,Arjun,India,Meghalaya,male,1983-06-19,2020-09-22,Paid,2021-09-22,Premium,Monthly,,,25.28,1832,22,0,N,4,0,2206
CUST-1917,Vikram,India,Rajasthan,female,1977-08-26,2022-04-28,Paid,2023-04-28,Premium,Monthly,,,24.48,1305,2,0,N,3,0,1623
CUST-1918,Amit,India,Delhi,male,1994-12-24,2020-08-30,Organic,2021-08-30,Standard,Monthly,,,15.95,1167,42,0,N,5,0,2229
CUST-1919,Anita,India,Meghalaya,male,1983-10-09,2023-08-16,Paid,2024-08-15,Basic,Annual,2024-02-20,Poor customer support,8.48,52,81,1,N,3,0,188
CUST-1920,Meera,India,Uttar Pradesh,male,1992-10-17,2023-09-12,Refferal,2024-09-11,Standard,Monthly,,,13.94,513,11,0,N,4,1,1121
CUST-1921,Priya,India,Rajasthan,male,1989-03-01,2021-06-13,Refferal,2022-06-13,Standard,Monthly,,,13.27,846,40,0,N,5,0,1942
CUST-1922,Sneha,India,Nagaland,female,1977-06-08,2024-06-06,Refferal,2025-06-06,Standard,Monthly,,,14.17,397,29,0,N,4,0,853
CUST-1923,Kavita,India,Karnataka,male,1999-08-07,2022-04-26,Organic,2023-04-26,Standard,Annual,,,16.48,879,20,0,N,5,0,1625
CUST-1924,Rohan,Nepal,Kathmandu,male,2000-02-12,2022-09-30,Refferal,2023-09-30,Basic,Monthly,,,10.92,526,5,0,N,4,0,1468
CUST-1925,Rahul,India,Maharashtra,male,1995-03-19,2020-12-07,Paid,2021-12-07,Premium,Monthly,2022-04-02,Lack of features,21.68,342,94,1,N,4,0,481
CUST-1926,Pooja,India,Maharashtra,female,1984-09-01,2024-04-26,Organic,2025-04-26,Basic,Annual,,,7.53,221,34,0,N,3,0,894
CUST-1927,Divya,India,Nagaland,male,1977-03-12,2023-06-26,Paid,2024-06-25,Standard,Monthly,2026-02-14,Too expensive,17.49,553,81,1,N,4,0,964
CUST-1928,Amit,India,Telangana,female,1997-07-18,2022-01-29,Refferal,2023-01-29,Basic,Annual,2023-08-08,Too expensive,8.52,155,97,1,N,4,0,556
CUST-1929,Sunita,India,Maharashtra,male,1984-03-03,2023-11-04,Organic,2024-11-03,Premium,Annual,,,29.5,1035,34,0,N,5,0,1068
CUST-1930,Kavita,Nepal,Kathmandu,male,1996-12-01,2022-03-08,Refferal,2023-03-08,Basic,Monthly,2025-01-04,Poor customer support,10.56,358,75,1,Y,3,4,1033
CUST-1931,Riya,India,Nagaland,male,2002-04-18,2021-06-15,Organic,2022-06-15,Basic,Annual,2024-08-16,Switched to competitor,8.62,327,91,1,N,4,1,1158
CUST-1932,Deepak,India,Delhi,female,1983-10-07,2022-05-13,Refferal,2023-05-13,Basic,Annual,2023-06-18,Lack of features,8.44,111,88,1,N,3,1,401
CUST-1933,Riya,India,Maharashtra,female,1975-12-16,2023-11-05,Organic,2024-11-04,Basic,Monthly,2025-10-20,Lack of features,9.61,225,81,1,N,5,1,715
CUST-1934,Sanjay,India,Nagaland,male,2001-09-20,2020-02-11,Organic,2021-02-10,Basic,Monthly,2025-03-28,Lack of features,7.39,454,94,1,N,5,0,1872
CUST-1935,Sanjay,Nepal,Kathmandu,female,2000-07-09,2023-09-30,Paid,2024-09-29,Standard,Annual,2025-10-09,Lack of features,13.7,333,82,1,N,4,0,740
CUST-1936,Suresh,India,Rajasthan,female,2002-04-21,2021-08-21,Paid,2022-08-21,Standard,Monthly,,,14.05,864,17,0,N,5,0,1873
CUST-1937,Suresh,India,Rajasthan,male,1976-08-06,2023-07-08,Paid,2024-07-07,Basic,Annual,,,10.86,423,12,0,N,4,1,1187
CUST-1938,Deepak,India,Maharashtra,female,1984-03-31,2020-11-01,Refferal,2021-11-01,Basic,Monthly,2023-11-28,Poor customer support,9.56,352,72,1,N,5,1,1122
CUST-1939,Divya,India,Karnataka,male,1991-07-04,2022-03-19,Paid,2023-03-19,Premium,Monthly,,,20.1,1098,24,0,N,5,0,1663
CUST-1940,Priya,India,Rajasthan,female,1996-01-25,2022-05-11,Paid,2023-05-11,Standard,Monthly,2026-05-23,Lack of features,17.03,824,77,1,Y,2,4,1473
CUST-1941,Sanjay,India,Karnataka,female,1991-12-19,2023-06-17,Paid,2024-06-16,Standard,Monthly,,,15.53,616,36,0,N,4,0,1208
CUST-1942,Neha,India,Delhi,female,1994-05-24,2021-11-09,Organic,2022-11-09,Standard,Monthly,,,16.06,945,26,0,N,5,0,1793
CUST-1943,Deepak,India,Nagaland,female,1984-04-24,2023-08-29,Refferal,2024-08-28,Basic,Annual,,,8.06,300,8,0,N,4,0,1135
CUST-1944,Manish,India,Meghalaya,male,1983-09-21,2021-12-31,Paid,2022-12-31,Basic,Annual,,,9.75,557,32,0,N,3,0,1741
CUST-1945,Deepak,Nepal,Kathmandu,female,2003-06-09,2021-03-16,Paid,2022-03-16,Basic,Annual,2022-06-10,Service outages,11.89,176,70,1,Y,2,5,451
CUST-1946,Suresh,India,Nagaland,male,1989-06-21,2022-07-21,Paid,2023-07-21,Premium,Annual,,,20.72,1047,3,0,N,4,1,1539
CUST-1947,Riya,Nepal,Kathmandu,male,2000-08-11,2022-06-21,Paid,2023-06-21,Premium,Annual,,,22.83,1176,1,0,N,5,0,1569
CUST-1948,Sunita,India,Delhi,female,1993-07-17,2020-05-12,Paid,2021-05-12,Standard,Monthly,2021-05-12,Lack of features,14.45,173,84,1,N,4,0,365
CUST-1949,Sneha,India,Uttar Pradesh,female,1998-03-31,2021-12-19,Organic,2022-12-19,Basic,Annual,,,8.23,473,20,0,N,5,0,1753
CUST-1950,Sunita,India,Maharashtra,female,1984-03-01,2020-02-20,Organic,2021-02-19,Basic,Monthly,2021-07-29,Poor customer support,8.88,153,72,1,N,3,0,525
CUST-1951,Suresh,Nepal,Kathmandu,male,2002-09-27,2021-09-09,Paid,2022-09-09,Basic,Annual,2023-08-20,Lack of features,11.08,258,98,1,N,4,1,710
CUST-1952,Kavita,Nepal,Kathmandu,female,1977-02-27,2021-01-26,Paid,2022-01-26,Standard,Annual,2021-07-02,Poor customer support,18.47,95,84,1,Y,1,4,157
CUST-1953,Karan,India,Karnataka,female,1988-07-16,2021-11-26,Paid,2022-11-26,Basic,Monthly,2025-11-21,Service outages,8.0,382,96,1,Y,2,2,1456
CUST-1954,Swati,India,Nagaland,male,1982-11-29,2021-06-06,Paid,2022-06-06,Premium,Monthly,2024-11-09,Poor customer support,25.42,1045,91,1,N,4,0,1252
CUST-1955,Rahul,India,Uttar Pradesh,male,2001-03-14,2021-05-22,Paid,2022-05-22,Basic,Monthly,,,10.17,656,37,0,N,4,0,1964
CUST-1956,Rohan,India,Telangana,male,1989-06-09,2020-12-19,Paid,2021-12-19,Premium,Monthly,2023-12-25,Lack of features,25.21,911,90,1,Y,3,3,1101
CUST-1957,Pooja,India,Maharashtra,male,2002-10-07,2022-05-16,Paid,2023-05-16,Premium,Monthly,,,24.33,1282,42,0,N,3,0,1605
CUST-1958,Suresh,India,Meghalaya,female,1983-12-17,2022-08-30,Refferal,2023-08-30,Premium,Monthly,,,21.91,1078,39,0,N,4,0,1499
CUST-1959,Rohan,India,Telangana,female,1999-10-31,2023-11-19,Refferal,2024-11-18,Standard,Monthly,2024-11-27,Poor customer support,15.92,195,92,1,N,5,1,374
CUST-1960,Kavita,India,Nagaland,female,1989-05-01,2022-08-13,Refferal,2023-08-13,Standard,Annual,,,15.4,766,40,0,N,4,0,1516
CUST-1961,Arjun,India,Maharashtra,female,2001-09-30,2020-04-05,Paid,2021-04-05,Standard,Annual,,,17.76,1386,35,0,N,4,1,2376
CUST-1962,Aarav,Nepal,Kathmandu,male,1993-11-24,2020-04-15,Organic,2021-04-15,Standard,Annual,,,17.57,1365,18,0,N,5,1,2366
CUST-1963,Vikram,India,Meghalaya,female,1995-11-04,2021-11-08,Organic,2022-11-08,Standard,Annual,2022-11-04,Too expensive,13.79,163,86,1,Y,1,2,361
CUST-1964,Riya,India,Karnataka,male,1981-10-28,2021-05-27,Paid,2022-05-27,Premium,Monthly,2023-10-09,Too expensive,20.88,593,85,1,N,3,1,865
CUST-1965,Rajesh,India,Uttar Pradesh,female,1993-06-20,2024-04-30,Paid,2025-04-30,Standard,Monthly,,,18.44,539,26,0,N,4,1,890
CUST-1966,Manish,India,Karnataka,male,2002-08-22,2023-06-19,Refferal,2024-06-18,Premium,Annual,,,25.35,1004,22,0,N,3,1,1206
CUST-1967,Swati,India,Delhi,female,2001-03-19,2022-05-05,Paid,2023-05-05,Premium,Annual,2026-05-12,Lack of features,28.57,1377,98,1,N,4,0,1468
CUST-1968,Anita,India,Maharashtra,male,1986-08-11,2024-02-20,Paid,2025-02-19,Basic,Monthly,2026-05-10,Lack of features,7.28,193,82,1,N,4,0,810
CUST-1969,Karan,India,Karnataka,male,1981-05-11,2022-02-28,Refferal,2023-02-28,Basic,Annual,2024-04-05,Switched to competitor,9.62,242,73,1,N,5,0,767
CUST-1970,Priya,India,Telangana,female,1989-07-04,2021-05-29,Refferal,2022-05-29,Standard,Annual,2026-03-09,Lack of features,16.23,930,72,1,N,3,0,1745
CUST-1971,Riya,India,Karnataka,male,1980-02-05,2022-06-16,Paid,2023-06-16,Standard,Annual,,,18.15,938,11,0,N,3,0,1574
CUST-1972,Anita,India,Rajasthan,female,1993-02-15,2022-12-20,Refferal,2023-12-20,Premium,Annual,,,20.97,955,27,0,N,4,0,1387
CUST-1973,Swati,India,Delhi,male,2002-07-16,2023-12-10,Organic,2024-12-09,Standard,Monthly,2025-12-10,Service outages,14.43,346,71,1,Y,1,3,731
CUST-1974,Sunita,India,Nagaland,female,1986-01-30,2022-10-04,Paid,2023-10-04,Standard,Annual,,,15.43,742,18,0,N,4,0,1464
CUST-1975,Rajesh,India,Uttar Pradesh,male,1995-10-04,2023-08-10,Refferal,2024-08-09,Standard,Annual,2025-03-06,Lack of features,18.19,343,96,1,N,4,0,574
CUST-1976,Suresh,India,Delhi,male,1995-01-16,2022-01-06,Paid,2023-01-06,Basic,Monthly,2025-01-28,Poor customer support,11.68,428,73,1,N,5,0,1118
CUST-1977,Rahul,India,Rajasthan,male,1978-01-03,2020-10-28,Paid,2021-10-28,Standard,Annual,,,18.95,1350,17,0,N,4,1,2170
CUST-1978,Priya,India,Maharashtra,male,1989-05-14,2023-04-08,Refferal,2024-04-07,Premium,Monthly,2024-07-19,Switched to competitor,29.58,454,75,1,Y,1,3,468
CUST-1979,Manish,India,Telangana,male,1979-10-01,2021-10-07,Paid,2022-10-07,Basic,Monthly,,,7.02,421,42,0,N,4,0,1826
CUST-1980,Ananya,India,Uttar Pradesh,male,1987-10-08,2022-11-30,Paid,2023-11-30,Standard,Monthly,,,13.28,613,11,0,N,4,1,1407
CUST-1981,Priya,India,Uttar Pradesh,male,1991-03-07,2020-08-18,Paid,2021-08-18,Standard,Monthly,,,13.88,1021,5,0,Y,3,5,2241
CUST-1982,Ananya,India,Delhi,male,1984-05-09,2023-12-03,Refferal,2024-12-02,Basic,Monthly,2025-06-05,Too expensive,8.73,157,95,1,N,4,0,550
CUST-1983,Arjun,India,Maharashtra,female,1992-04-03,2022-01-07,Refferal,2023-01-07,Basic,Annual,,,11.14,634,18,0,N,4,0,1734
CUST-1984,Ananya,Nepal,Kathmandu,female,1995-10-16,2022-09-23,Paid,2023-09-23,Premium,Monthly,2025-10-22,Service outages,28.92,1068,94,1,Y,2,3,1125
CUST-1985,Priya,India,Rajasthan,male,1976-11-11,2020-10-23,Refferal,2021-10-23,Basic,Monthly,2023-03-11,Poor customer support,7.92,226,94,1,N,4,0,869
CUST-1986,Sneha,Nepal,Kathmandu,female,1997-05-08,2021-03-30,Paid,2022-03-30,Basic,Monthly,,,10.09,668,10,0,Y,3,3,2017
CUST-1987,Vikram,India,Telangana,female,1980-09-01,2022-12-16,Refferal,2023-12-16,Basic,Monthly,,,11.58,529,41,0,N,4,1,1391
CUST-1988,Pooja,India,Maharashtra,male,1993-04-04,2022-07-30,Paid,2023-07-30,Standard,Annual,,,15.77,792,16,0,N,3,0,1530
CUST-1989,Suresh,India,Maharashtra,female,1996-11-27,2020-08-27,Refferal,2021-08-27,Standard,Annual,,,13.61,997,10,0,N,3,0,2232
CUST-1990,Suresh,India,Rajasthan,male,2002-03-01,2024-06-09,Organic,2025-06-09,Standard,Annual,,,15.74,439,10,0,N,3,0,850
CUST-1991,Kavita,India,Meghalaya,male,1980-12-31,2023-04-14,Organic,2024-04-13,Basic,Annual,,,8.87,370,36,0,N,4,0,1272
CUST-1992,Riya,Nepal,Kathmandu,male,1999-04-04,2022-12-22,Paid,2023-12-22,Premium,Monthly,,,25.77,1172,21,0,N,3,1,1385
CUST-1993,Rohan,India,Karnataka,female,2001-11-04,2021-07-04,Organic,2022-07-04,Basic,Annual,,,9.18,579,14,0,N,5,0,1921
CUST-1994,Sanjay,India,Uttar Pradesh,female,1995-10-09,2020-05-17,Paid,2021-05-17,Basic,Annual,,,7.08,542,8,0,N,3,0,2334
CUST-1995,Sunita,India,Meghalaya,male,1999-04-17,2021-03-29,Organic,2022-03-29,Standard,Monthly,2025-12-19,Too expensive,18.95,1074,70,1,N,4,1,1726
CUST-1996,Neha,India,Karnataka,male,2000-02-03,2024-01-12,Paid,2025-01-11,Basic,Annual,,,9.71,318,16,0,N,5,1,999
CUST-1997,Manish,India,Rajasthan,female,1982-10-17,2023-06-03,Paid,2024-06-02,Premium,Annual,2023-07-05,Poor customer support,24.73,25,95,1,Y,2,5,32
CUST-1998,Arjun,India,Uttar Pradesh,male,2003-04-08,2021-03-18,Paid,2022-03-18,Premium,Annual,2024-02-27,Switched to competitor,29.54,1044,86,1,Y,1,3,1076
CUST-1999,Aarav,India,Nagaland,male,1981-09-29,2023-05-14,Paid,2024-05-13,Basic,Monthly,2024-04-28,Poor customer support,7.77,89,79,1,N,5,0,350
CUST-2000,Rohan,India,Karnataka,female,1993-09-20,2020-01-27,Refferal,2021-01-26,Premium,Annual,,,21.88,1757,6,0,N,3,0,2445
CUST-2001,Neha,India,Meghalaya,female,1988-06-23,2021-04-01,Organic,2022-04-01,Premium,Monthly,,,28.07,1858,39,0,N,3,1,2015
CUST-2002,Priya,India,Karnataka,female,1987-01-10,2021-11-25,Refferal,2022-11-25,Premium,Monthly,2023-10-25,Switched to competitor,22.6,518,87,1,Y,2,4,699
CUST-2003,Meera,India,Karnataka,female,1983-09-19,2021-12-10,Refferal,2022-12-10,Basic,Monthly,,,10.99,636,2,0,N,4,1,1762
CUST-2004,Deepak,India,Rajasthan,female,1983-09-03,2022-04-28,Refferal,2023-04-28,Standard,Monthly,,,14.62,779,9,0,Y,2,3,1623
CUST-2005,Pooja,Nepal,Kathmandu,male,1983-03-17,2022-08-06,Paid,2023-08-06,Basic,Monthly,,,7.16,358,5,0,N,4,1,1523
CUST-2006,Riya,India,Nagaland,male,1992-11-08,2020-04-16,Paid,2021-04-16,Premium,Monthly,,,25.16,1954,40,0,N,5,0,2365
CUST-2007,Divya,India,Rajasthan,male,1983-11-02,2021-03-19,Paid,2022-03-19,Basic,Annual,2023-01-27,Switched to competitor,7.97,177,93,1,Y,1,5,679
CUST-2008,Divya,India,Telangana,female,1992-12-21,2020-02-05,Paid,2021-02-04,Standard,Annual,,,17.54,1403,5,0,N,4,1,2436
CUST-2009,Ananya,India,Rajasthan,female,2003-04-28,2021-08-19,Paid,2022-08-19,Basic,Annual,2022-08-01,Switched to competitor,10.2,116,93,1,N,5,1,347
CUST-2010,Deepak,India,Uttar Pradesh,male,2002-02-28,2020-06-03,Paid,2021-06-03,Basic,Monthly,2022-11-17,Service outages,11.61,342,84,1,Y,3,3,897
CUST-2011,Karan,India,Nagaland,female,1980-07-17,2023-04-07,Paid,2024-04-06,Standard,Monthly,,,17.69,743,8,0,N,5,0,1279
CUST-2012,Karan,India,Maharashtra,male,1975-11-26,2022-03-06,Paid,2023-03-06,Premium,Annual,,,21.8,1200,5,0,N,4,1,1676
CUST-2013,Sneha,India,Telangana,male,1981-10-22,2020-09-28,Organic,2021-09-28,Standard,Monthly,2024-05-02,Lack of features,17.79,766,74,1,Y,2,2,1312
CUST-2014,Sanjay,India,Delhi,female,1978-03-01,2024-04-19,Paid,2025-04-19,Premium,Annual,,,26.41,781,17,0,N,4,0,901
CUST-2015,Rahul,India,Rajasthan,male,2002-08-09,2023-12-14,Refferal,2024-12-13,Basic,Annual,2025-02-09,Poor customer support,10.33,143,78,1,Y,2,5,423
CUST-2016,Kavita,India,Karnataka,female,1987-04-05,2023-04-22,Refferal,2024-04-21,Standard,Monthly,,,17.98,746,34,0,N,5,0,1264
CUST-2017,Arjun,Nepal,Kathmandu,male,1980-12-25,2024-06-22,Refferal,2025-06-22,Standard,Annual,,,16.43,451,33,0,N,3,0,837
CUST-2018,Divya,India,Maharashtra,female,1994-05-27,2023-06-14,Paid,2024-06-13,Basic,Annual,2026-09-19,Poor customer support,9.32,365,91,1,N,3,0,1193
CUST-2019,Swati,India,Rajasthan,female,1981-05-06,2024-03-12,Paid,2025-03-12,Standard,Monthly,,,16.81,518,21,0,Y,1,5,939
CUST-2020,Vikram,India,Rajasthan,male,1984-11-30,2024-01-04,Paid,2025-01-03,Standard,Monthly,2026-04-29,Switched to competitor,14.78,410,80,1,Y,1,5,846
CUST-2021,Anita,India,Meghalaya,female,1987-04-19,2022-09-07,Paid,2023-09-07,Standard,Monthly,,,14.09,690,15,0,N,4,0,1491
CUST-2022,Ananya,India,Meghalaya,male,1981-11-16,2020-05-01,Paid,2021-05-01,Standard,Monthly,,,16.69,1288,1,0,N,3,1,2350
CUST-2023,Vikram,India,Maharashtra,male,1996-06-21,2023-12-11,Refferal,2024-12-10,Standard,Monthly,,,14.39,487,7,0,N,4,1,1031
CUST-2024,Sneha,India,Meghalaya,male,1998-08-29,2024-04-07,Refferal,2025-04-07,Basic,Monthly,2025-08-05,Too expensive,7.39,117,92,1,Y,1,2,485
CUST-2025,Rajesh,India,Karnataka,female,2001-02-19,2023-10-30,Refferal,2024-10-29,Basic,Monthly,,,6.99,246,6,0,N,3,0,1073
CUST-2026,Ananya,India,Telangana,male,1996-06-27,2024-05-17,Paid,2025-05-17,Standard,Annual,,,16.64,477,20,0,N,5,0,873
CUST-2027,Rohan,India,Delhi,male,1989-10-18,2023-09-11,Paid,2024-09-10,Basic,Monthly,2026-05-16,Too expensive,8.8,282,95,1,N,5,0,978
CUST-2028,Karan,India,Nagaland,male,1989-10-07,2024-02-12,Organic,2025-02-11,Basic,Monthly,,,10.75,341,26,0,N,4,1,968
CUST-2029,Karan,India,Delhi,male,1978-07-17,2020-05-29,Paid,2021-05-29,Standard,Monthly,,,15.24,1162,42,0,N,4,0,2322
CUST-2030,Aarav,India,Delhi,female,1981-10-01,2021-12-07,Refferal,2022-12-07,Standard,Monthly,,,15.91,922,12,0,N,5,0,1765
CUST-2031,Neha,India,Nagaland,male,2002-06-29,2022-09-21,Refferal,2023-09-21,Basic,Monthly,2023-01-29,Too expensive,9.03,38,82,1,N,5,1,130
CUST-2032,Riya,India,Meghalaya,male,1983-09-11,2024-06-03,Paid,2025-06-03,Standard,Monthly,,,16.89,474,13,0,Y,1,4,856
CUST-2033,Swati,India,Maharashtra,male,1996-06-28,2024-02-22,Paid,2025-02-21,Standard,Monthly,2026-07-25,Lack of features,15.13,439,71,1,N,4,1,884
CUST-2034,Priya,India,Nagaland,male,2000-10-21,2020-06-01,Paid,2021-06-01,Basic,Annual,2021-06-08,Service outages,11.81,144,87,1,N,5,0,372
CUST-2035,Sanjay,India,Uttar Pradesh,female,2001-05-13,2022-11-06,Paid,2023-11-06,Premium,Annual,,,29.35,1379,31,0,N,5,0,1431
CUST-2036,Deepak,India,Telangana,male,1998-02-13,2021-07-04,Paid,2022-07-04,Standard,Monthly,,,18.08,1140,11,0,N,4,1,1921
CUST-2037,Arjun,Nepal,Kathmandu,female,1997-06-24,2022-04-24,Paid,2023-04-24,Standard,Monthly,,,18.51,989,37,0,N,4,0,1627
CUST-2038,Amit,India,Meghalaya,male,1982-07-22,2023-10-03,Paid,2024-10-02,Standard,Annual,,,15.68,566,4,0,N,5,0,1100
CUST-2039,Pooja,India,Nagaland,male,1989-05-22,2024-01-22,Refferal,2025-01-21,Basic,Annual,,,9.67,314,34,0,N,4,1,989
CUST-2040,Rohan,India,Uttar Pradesh,female,1998-01-14,2023-05-10,Organic,2024-05-09,Standard,Monthly,,,17.44,713,16,0,N,5,1,1246
CUST-2041,Kavita,Nepal,Kathmandu,male,1975-01-03,2023-12-17,Paid,2024-12-16,Basic,Annual,,,10.47,352,31,0,N,4,0,1025
CUST-2042,Divya,India,Telangana,female,1997-04-05,2020-10-06,Organic,2021-10-06,Premium,Monthly,,,28.9,2081,25,0,N,4,0,2192
CUST-2043,Meera,India,Telangana,female,1978-06-13,2021-02-25,Organic,2022-02-25,Premium,Monthly,2025-12-03,Service outages,27.15,1553,76,1,Y,3,5,1742
CUST-2044,Pooja,India,Meghalaya,male,1997-06-04,2024-06-11,Organic,2025-06-11,Standard,Annual,,,18.98,528,8,0,N,5,1,848
CUST-2045,Pooja,India,Nagaland,male,1986-11-02,2022-09-19,Organic,2023-09-19,Basic,Annual,,,8.73,424,8,0,N,4,1,1479
CUST-2046,Riya,India,Maharashtra,female,1990-10-22,2024-01-28,Paid,2025-01-27,Basic,Annual,,,11.15,360,34,0,N,3,0,983
CUST-2047,Rahul,India,Telangana,male,1982-01-12,2022-03-14,Paid,2023-03-14,Basic,Monthly,2022-07-04,Switched to competitor,10.48,38,84,1,Y,1,4,112
CUST-2048,Aarav,India,Maharashtra,male,1980-02-29,2020-12-20,Refferal,2021-12-20,Standard,Monthly,2026-08-05,Lack of features,17.14,1156,74,1,Y,2,4,2054
CUST-2049,Karan,India,Maharashtra,male,1994-05-01,2024-05-24,Refferal,2025-05-24,Basic,Monthly,,,8.62,245,19,0,N,5,0,866
CUST-2050,Anita,India,Meghalaya,male,1996-06-23,2021-01-12,Organic,2022-01-12,Standard,Monthly,,,17.7,1217,10,0,N,5,0,2094
CUST-2051,Neha,Nepal,Kathmandu,female,1991-09-25,2023-02-21,Organic,2024-02-21,Basic,Annual,2023-10-08,Too expensive,11.49,86,78,1,N,4,0,229
CUST-2052,Amit,India,Rajasthan,male,2000-12-26,2020-03-20,Refferal,2021-03-20,Premium,Annual,2022-09-14,Service outages,22.18,661,94,1,N,5,0,908
CUST-2053,Riya,India,Delhi,male,1981-05-27,2024-04-29,Paid,2025-04-29,Basic,Annual,2025-10-08,Poor customer support,10.12,175,91,1,Y,2,4,527
CUST-2054,Aarav,India,Delhi,female,2000-05-17,2022-09-14,Paid,2023-09-14,Premium,Annual,,,23.91,1165,29,0,N,4,1,1484
CUST-2055,Kavita,India,Telangana,male,1985-04-16,2020-08-20,Paid,2021-08-20,Premium,Monthly,2022-11-11,Lack of features,29.89,798,89,1,Y,1,2,813
CUST-2056,Anita,India,Rajasthan,male,1988-03-03,2024-02-12,Refferal,2025-02-11,Standard,Annual,2026-08-30,Service outages,15.86,484,77,1,N,4,0,930
CUST-2057,Amit,Nepal,Kathmandu,female,2000-01-09,2020-06-02,Refferal,2021-06-02,Standard,Annual,,,14.36,1093,37,0,N,4,0,2318
CUST-2058,Karan,India,Rajasthan,male,1993-08-05,2022-06-25,Organic,2023-06-25,Standard,Monthly,2023-11-27,Switched to competitor,15.28,261,88,1,N,4,1,520
CUST-2059,Arjun,India,Meghalaya,female,1994-08-20,2023-12-03,Refferal,2024-12-02,Standard,Annual,,,16.91,577,13,0,N,4,1,1039
CUST-2060,Karan,India,Telangana,female,1982-06-24,2022-11-20,Organic,2023-11-20,Basic,Monthly,2024-10-13,Switched to competitor,7.37,167,96,1,N,4,0,693
CUST-2061,Riya,India,Maharashtra,male,1977-05-19,2024-06-08,Refferal,2025-06-08,Basic,Annual,,,10.01,279,40,0,N,4,0,851
CUST-2062,Karan,India,Telangana,female,1989-02-22,2024-04-29,Organic,2025-04-29,Standard,Monthly,,,18.58,543,16,0,N,5,1,891
CUST-2063,Rajesh,India,Delhi,male,1975-04-04,2024-03-06,Paid,2025-03-06,Standard,Monthly,,,18.09,561,30,0,N,5,0,945
CUST-2064,Rajesh,Nepal,Kathmandu,male,1983-03-07,2021-01-05,Organic,2022-01-05,Standard,Annual,2025-04-18,Switched to competitor,13.4,688,97,1,N,4,1,1564
CUST-2065,Swati,India,Rajasthan,female,2002-04-16,2020-11-18,Refferal,2021-11-18,Basic,Annual,,,11.96,844,5,0,Y,1,2,2149
CUST-2066,Riya,Nepal,Kathmandu,female,2003-08-14,2020-11-27,Paid,2021-11-27,Basic,Monthly,,,10.48,736,33,0,N,3,0,2140
CUST-2067,Swati,India,Meghalaya,male,1998-08-15,2020-08-30,Paid,2021-08-30,Basic,Monthly,,,7.8,571,19,0,Y,1,2,2229
CUST-2068,Arjun,India,Telangana,female,1988-07-18,2024-04-24,Organic,2025-04-24,Basic,Monthly,2025-01-20,Poor customer support,7.05,62,92,1,Y,3,3,271
CUST-2069,Arjun,India,Nagaland,female,1993-03-18,2021-03-05,Paid,2022-03-05,Basic,Monthly,,,7.85,526,19,0,N,3,0,2042
CUST-2070,Sneha,India,Telangana,female,1994-02-09,2023-04-20,Paid,2024-04-19,Basic,Annual,,,11.18,464,17,0,N,4,1,1266
CUST-2071,Riya,India,Maharashtra,male,1993-08-08,2022-03-19,Paid,2023-03-19,Basic,Annual,2025-04-14,Lack of features,7.1,261,93,1,N,5,0,1122
CUST-2072,Anita,India,Telangana,male,1992-11-11,2024-02-05,Refferal,2025-02-04,Premium,Monthly,2024-03-17,Service outages,22.32,30,92,1,Y,1,2,41
CUST-2073,Sunita,India,Uttar Pradesh,male,1983-08-11,2021-01-10,Organic,2022-01-10,Basic,Annual,2022-04-01,Lack of features,10.78,157,90,1,Y,3,3,446
CUST-2074,Divya,India,Meghalaya,female,1984-10-27,2020-03-21,Paid,2021-03-21,Standard,Monthly,,,16.51,1296,28,0,N,4,0,2391
CUST-2075,Ananya,India,Karnataka,male,1975-03-18,2024-04-22,Paid,2025-04-22,Basic,Annual,,,10.9,321,42,0,N,5,0,898
CUST-2076,Rahul,India,Meghalaya,female,1999-08-30,2021-02-23,Organic,2022-02-23,Premium,Monthly,,,27.45,1850,37,0,N,3,0,2052
CUST-2077,Karan,India,Rajasthan,male,1999-07-13,2021-04-11,Refferal,2022-04-11,Standard,Monthly,,,13.29,875,22,0,N,5,0,2005
CUST-2078,Anita,India,Karnataka,male,1992-12-10,2023-12-22,Organic,2024-12-21,Basic,Annual,,,11.45,383,39,0,N,4,0,1020
CUST-2079,Aarav,India,Rajasthan,male,1997-09-19,2022-12-16,Paid,2023-12-16,Standard,Monthly,2025-11-06,Too expensive,14.35,497,85,1,N,4,0,1056
CUST-2080,Deepak,India,Rajasthan,female,1993-04-30,2023-09-07,Paid,2024-09-06,Basic,Annual,2024-11-02,Too expensive,9.76,135,98,1,N,3,0,422
CUST-2081,Rohan,India,Maharashtra,male,1982-11-13,2024-04-14,Paid,2025-04-14,Standard,Annual,,,16.86,501,35,0,N,5,0,906
CUST-2082,Sneha,India,Maharashtra,female,1984-02-29,2024-02-27,Refferal,2025-02-26,Basic,Monthly,2024-08-22,Lack of features,7.83,45,96,1,Y,2,4,177
CUST-2083,Karan,India,Delhi,male,1994-03-26,2023-07-13,Paid,2024-07-12,Premium,Monthly,2024-04-05,Service outages,29.75,260,81,1,Y,1,3,267
CUST-2084,Manish,India,Delhi,male,1983-08-15,2023-06-04,Paid,2024-06-03,Standard,Annual,,,15.92,638,28,0,N,5,0,1221
CUST-2085,Karan,India,Nagaland,male,2001-06-10,2022-04-08,Paid,2023-04-08,Basic,Annual,,,7.28,392,1,0,Y,3,5,1643
CUST-2086,Aarav,India,Karnataka,male,1975-09-02,2022-03-14,Paid,2023-03-14,Standard,Monthly,2024-10-13,Switched to competitor,18.61,577,76,1,Y,1,4,944
CUST-2087,Rajesh,Nepal,Kathmandu,male,1982-03-10,2022-12-13,Organic,2023-12-13,Basic,Monthly,,,9.92,454,18,0,N,4,0,1394
CUST-2088,Suresh,India,Telangana,male,1985-07-16,2024-06-20,Paid,2025-06-20,Premium,Annual,,,26.98,743,23,0,N,4,0,839
CUST-2089,Divya,India,Telangana,male,2001-04-11,2022-09-04,Refferal,2023-09-04,Standard,Monthly,2024-05-08,Poor customer support,16.14,324,91,1,N,5,0,612
CUST-2090,Riya,India,Rajasthan,male,2000-02-12,2020-01-04,Organic,2021-01-03,Standard,Monthly,,,18.0,1459,4,0,N,4,1,2468
CUST-2091,Pooja,India,Delhi,female,1996-03-08,2024-01-02,Paid,2025-01-01,Basic,Monthly,2026-05-30,Too expensive,7.16,206,85,1,N,5,1,879
CUST-2092,Anita,India,Rajasthan,female,1997-10-25,2023-08-26,Refferal,2024-08-25,Premium,Annual,,,22.67,847,11,0,N,5,0,1138
CUST-2093,Manish,India,Uttar Pradesh,male,1977-06-11,2021-08-25,Organic,2022-08-25,Standard,Annual,2025-03-14,Too expensive,15.81,673,87,1,Y,1,4,1297
CUST-2094,Sunita,India,Uttar Pradesh,female,1990-01-09,2023-01-17,Organic,2024-01-17,Basic,Annual,,,7.37,329,7,0,N,3,0,1359
CUST-2095,Swati,Nepal,Kathmandu,female,1994-11-08,2020-11-15,Paid,2021-11-15,Basic,Annual,,,10.52,743,21,0,N,4,0,2152
CUST-2096,Amit,India,Maharashtra,male,1995-01-06,2023-10-30,Paid,2024-10-29,Basic,Annual,2025-01-21,Service outages,8.96,132,94,1,N,4,1,449
CUST-2097,Ananya,India,Maharashtra,female,1981-07-27,2024-06-15,Paid,2025-06-15,Premium,Monthly,2025-03-19,Poor customer support,22.72,206,72,1,N,4,1,277
CUST-2098,Sunita,India,Delhi,female,1987-09-15,2021-05-15,Refferal,2022-05-15,Basic,Annual,2025-02-15,Service outages,7.01,315,94,1,N,5,1,1372
CUST-2099,Vikram,India,Delhi,male,1983-02-08,2023-06-11,Refferal,2024-06-10,Standard,Monthly,2025-01-09,Lack of features,17.31,328,74,1,N,4,1,578
CUST-2100,Swati,India,Uttar Pradesh,male,2003-06-14,2023-09-22,Refferal,2024-09-21,Basic,Annual,2024-02-13,Too expensive,11.16,52,87,1,N,5,0,144
